:020000040800F2
:10000000B8B20020DD010008514F0008D5390008C2
:10001000314E000839120008136400080000000087
:100020000000000000000000000000004501000882
:10003000F51400080000000089010008015F0008B5
:10004000F7010008F7010008F7010008F7010008B0
:10005000F7010008F7010008F7010008F7010008A0
:10006000F7010008F7010008F7010008F701000890
:10007000F7010008F7010008F7010008F701000880
:10008000F7010008F7010008F7010008F701000870
:1000900031630008F7010008F7010008F7010008C4
:1000A000F7010008F7010008F7010008F701000850
:1000B0007D5F0008895F0008F7010008F70100086C
:1000C000F7010008F7010008F7010008F701000830
:1000D000F701000825630008F7010008F701000890
:1000E000F7010008F7010008F7010008F701000810
:1000F000F7010008F7010008F7010008F701000800
:10010000F7010008F7010008F7010008F7010008EF
:10011000F701000809610008955F0008A15F000869
:10012000F7010008F7010008F7010008F7010008CF
:10013000DFF80CD000F088FD004800473982000845
:10014000B8B20020224B19680868B0E8F00F80F3BD
:100150000988BFF36F8F4FF0000080F311884EF0D5
:100160000D0E70470000000006480068006880F32C
:10017000088862B661B6BFF34F8FBFF36F8F00DFA1
:1001800000BF00BF08ED00E0EFF30980BFF36F8F01
:100190000F4B1A6820E9F00F106008B54FF05000BF
:1001A00080F31188BFF34F8FBFF36F8F09F0D2FA3E
:1001B0004FF0000080F31188BDE808401968086816
:1001C000B0E8F00F80F30988BFF36F8F704700BF6E
:1001D00058000020EFF30580704700000648804774
:1001E00006480047FEE7FEE7FEE7FEE7FEE7FEE71C
:1001F000FEE7FEE7FEE7FEE7795F00083101000851
:10020000202A04DB203A21FA02F00021704721FA6B
:1002100002F3D040C2F120029140084319467047D2
:1002200040EA01039B0703D009E008C9121F08C078
:10023000042AFAD203E011F8013B00F8013B521EF8
:10024000F9D27047D2B201E000F8012B491EFBD26F
:1002500070470022F6E710B513460A4604461946D1
:10026000FFF7F0FF204610BD421E12F8013F002BA1
:10027000FBD111F8013B02F8013B002BF9D170478B
:1002800010B5002200E0521C835C8C5CA34201D1BB
:10029000002BF8D1D8B2E1B2401A10BD034611F8D4
:1002A000012B00F8012B002AF9D1184670470000F5
:1002B0000FB400B58DB010A909900B9000914FF0CC
:1002C000FF300A9000200C900548069005480790E2
:1002D0006A4609A80F9900F01DFB0DB05DF814FBEC
:1002E000310900084F0900082DE9FF5FD2E901A795
:1002F0004FF00008916999461446DDF838B046463B
:1003000001988847054659EA0B0005D009E0A16924
:10031000761C019888470546216A284688470028A8
:10032000F5D1681C03D05FEACA7005D015E04FF024
:10033000FF3004B0BDE8F09F2068011D2160D0F8B7
:1003400000800AE05FEACA7001D108F8015BA16988
:10035000761C7F1E019888470546002F1ADD681C11
:1003600018D0B9F1000F0DD0E81705EBD06042119D
:1003700020F01F0059F822102A1A01209040014253
:10038000E0D107E0BBF1000FDCD1216A28468847A5
:100390000028D7D0E16901988847BBF1000F07D149
:1003A000002E05DD5FEACA7002D1002188F8001036
:1003B000A068B84203DDBBF1000F03D017B16FF0A6
:1003C0000100B6E73046B4E770B5064606F0DAF944
:1003D000046805460A220021304600F0C9FA2C6064
:1003E00070BDF0B480EA0102D40F4200B2EB410FBD
:1003F00002D20246084611464A0042D0C30DDDB281
:10040000C1F3C752AD1A202D35DAC1F3160141F4FC
:10041000000204B15242C5F1200602FA06F12A4157
:100420001044B3EBD05F23D0C4B1012DA0EBC35077
:1004300009DCF0BC4FF0004202EAC352DBB200F527
:10044000000000F0D6BA400000F1807000EBC3500D
:10045000A0F1807040EAD170490009E0490841EA02
:10046000C071A0EBC35000F50000400800EBC35082
:10047000F0BC00F0B5BA6142012202EB4101001B61
:10048000F6E7F0BC704781F00041AAE780F0004039
:10049000A7E780EA010210B502F00043400022D035
:1004A0004A001FD0010E01EB1261C0F35600C2F3E7
:1004B000560240F4000042F40002A0FB02200004B7
:1004C0007F39140400D0401C50EA124001D440008F
:1004D000491EC2B20C0604EBD010401C4008802A12
:1004E00002D003E0002010BD20F00100002900DA56
:1004F0000020184310BD30B480EA010202F000452C
:1005000030F0004221F0004013D090B1C30DD40D63
:10051000C2F31601C0F31600E41A41F4000140F4DE
:1005200000027D34914201D3641C00E04900002C9C
:1005300002DA30BC002070474FF4000000239142E3
:1005400001D3891A034340084FEA4101F7D151B161
:10055000914202D14FF0004105E002D24FF001017B
:1005600001E06FF0010103EBC450284430BC00F0FF
:1005700037BA2DE9FE4F804681EA0300C00F0C46D2
:10058000009021F0004123F00045B8EB0200A941A2
:1005900005D24046214690461C460B46024623F0B3
:1005A0000040104347D0270DC7F30A00C3F30A5198
:1005B0000290401A019040286BDAC3F3130040F414
:1005C000801B0098924620B10023D2EB030A63EB14
:1005D0000B0B01985946C0F14002504600F073F9E8
:1005E00006460D4650465946019A00F07BF910EB3D
:1005F00008006141002487EA115284EAE7731A4334
:1006000040D0009A62B3019A012A4FEA075215DCE2
:10061000001B61EB02014FF0004202EA0752CDE9F4
:100620000042001C41F5801132462B4600F01EFAB4
:1006300003B0BDE8F08F40462146F9E7001B61EBAF
:100640000201001C41F5801300185B412018A2F53F
:10065000001747EB030140EAD570B6196D4111E070
:100660006D084FEA360645EAC0754FEA0752001B8F
:1006700061EB0201001C41F5801149084FEA30008E
:100680000019514132462B4603B0BDE8F04F00F04F
:10069000DEB90098012240000023D0EB020263EB98
:1006A000E073009821464FEAE074B8EB000061EB7C
:1006B0000401E9E783F000435BE781F0004158E77C
:1006C0002DE9FE4F81EA030404F0004421F00041CB
:1006D00000944FF0000B23F0004350EA01045ED079
:1006E00052EA03045BD0C3F30A54C1F30A552C4405
:1006F000A4F2F3340194A0FB0254C1F3130141F4BA
:100700008011C3F3130343F4801301FB024400FB85
:10071000034E840A970A44EA815447EA8357A4FBAC
:10072000076802958D0A05FB07854FEA932C04FBA9
:100730000C542705029D4FEA065847EA1637B5EBD9
:1007400008056EEB070C870E920E47EA811742EA06
:100750008312A7FB0201B6EB0B0164EB00042B0D27
:1007600043EA0C335E1844EB1C50DA465146E7FB73
:100770000201C5F313044FEA0B3343EA14534FEA63
:100780000432019C43EA0603A4F10C040294009C89
:10079000CDE900B400F06AF903B0BDE8F08F0020A5
:1007A0000146F9E7C10F80EAE0700844CA079623C2
:1007B000002100F01EB996230022114600F019B95D
:1007C00020F00040C10DC0F3160040F400007F2966
:1007D00001DA00207047962903DCC1F19601C84078
:1007E000704796398840704700F0004230F0004072
:1007F0000AD0C10D01F56071C0F3160042EA015143
:10080000C2084007114370470020014670470000AE
:10081000002801DBC0F10040002901DBC1F10041EB
:1008200081427047002801DBC0F10040002901DB54
:10083000C1F100418842704730B50B4601460020A7
:100840002022012409E021FA02F59D4205D303FA92
:1008500002F5491B04FA02F52844151EA2F1010213
:10086000F1DC30BD2DE9F05F0546002092469B4645
:1008700088460646814640241BE0284641464746B6
:100880002246FFF7BDFC53465A46C01A914110D389
:1008900011461846224600F016F82D1A67EB01089B
:1008A0004F4622460120002100F00DF817EB000909
:1008B0004E41201EA4F10104DFDC484631462A46A1
:1008C0004346BDE8F09F202A04DB203A00FA02F1FB
:1008D000002070479140C2F1200320FA03F319432E
:1008E00090407047202A06DBCB17203A41FA02F0ED
:1008F00043EAE07306E041FA02F3D040C2F120027D
:10090000914008431946704702681144137801600A
:1009100018467047D16004495161044911620021B1
:100920001161114600F0B0B909090008750C000802
:10093000426842B1016811F8013B23B1521EC0E97F
:100940000012184670470121C160881E7047426836
:100950005AB1C368016843B983688B4205D0491E08
:10096000521CC0E90012002070474FF0FF30704762
:100970002DE9F04791460F4680460446002614F8BC
:10098000015B2DB100F072F90068405DC007F6D13F
:100990002B2D02D02D2D18D0641E4A4639462046F4
:1009A00000F008FB27B13968A14201D1C7F80080E7
:1009B00071054FF002040BD54042002803DD05F01D
:1009C000E1FE0460A007BDE8F08746F48066E4E736
:1009D0000028F8DA05F0D6FE04606FF00040F2E778
:1009E0000029A8BF7047401C490008BF20F0010043
:1009F000704710B4B0FA80FC00FA0CF050EA010421
:100A000004BF10BC704749B1CCF1200421FA04F4B2
:100A100011FA0CF118BF012121430843A3EB0C018B
:100A2000CB1D4FEA00614FEA102042BF002010BCEE
:100A3000704700EBC35010440029A4BF10BC70479E
:100A4000401C490008BF20F0010010BC704710B5E1
:100A5000141E73F1000408DA401C41F100019218E1
:100A60005B411A4301D120F0010010BD2DE9F04D8A
:100A700092469B4611B1B1FA81F202E0B0FA80F2DF
:100A800020329046FFF71FFF04460F4640EA0A0057
:100A900041EA0B0153465A46084313D0114653EA24
:100AA000010019D0C8F140025046FFF7A9FB0546E6
:100AB0000E46504659464246FFF705FF084305D00B
:100AC000012004E020463946BDE8F08D00200543B2
:100AD00046EAE0762C4337430A986305E40AA0EB24
:100AE00008000022FD0A44EA47540A3002D50020DB
:100AF0000146E9E7010510196941DDE908450019DA
:100B00006941BDE8F04DA2E72DE9F04D81EA03040B
:100B100004F0004B21F0004514464FF0000A23F08A
:100B2000004150EA050220D054EA01021DD0C5F36D
:100B30000A570246C5F31303C1F31300C1F30A5663
:100B400040F4801543F48013A7EB0608101BD6462B
:100B500008F2FD3873EB050002D308F1010801E04B
:100B600092185B41B8F1000F03DA00200146BDE89E
:100B7000F08D00204FF48011064684460EE0171BCE
:100B800073EB050705D3121B63EB050306434CEA21
:100B9000010C49084FEA300092185B4150EA010706
:100BA000EDD152EA030012D082EA040083EA050183
:100BB000084305D0101BAB4106D20122002306E0FA
:100BC00000224FF0004302E06FF0010253101AEBD5
:100BD00006004CEB085110EB0A0041EB0B01BDE89D
:100BE000F04DFFF734BFC1F30A52C1F3130140F2D5
:100BF000FF3341F480119A4202DA00200146704727
:100C000040F233439A42A2F2334202DC5242FFF7EF
:100C1000F7BAFFF758BE000030B5041E71F10004AA
:100C200004DB4FF00044404264EB0101141E73F1F9
:100C3000000405DB1C464FF00043524263EB040303
:100C4000994208BF904230BD064C074D06E0E0686F
:100C500040F0010394E8070098471034AC42F6D303
:100C6000FFF76AFAB0B20008D0B200080048704737
:100C70006CB2000810B50446FFF7F8FF0068005D8D
:100C800000F0010010BD00002DE9F34F8BB04FF0D4
:100C9000000801F10C000C464FF0010B46460DF127
:100CA000080A01906269012101989047051E2DD024
:100CB000252D2CD0216A8847C0B162690121019895
:100CC0009047216A88470028F7D1411E6269019840
:100CD000904700E0761CA1690B988847216A8847F5
:100CE0000028F7D1E1690B988847DBE7A1690B98E9
:100CF00088470746A84201D1761CD3E7E1690B98E3
:100D000088477F1C02D1B8F1000F6FD046E1002761
:100D100062693D463946019890472A2804D16269A4
:100D20000121019890470125DFF884926269012131
:100D300001989047A0F130010A290AD24F45E5DC1D
:100D400007EB870100EB4107303FDFD445F010058A
:100D5000ECE7E90601D46FF000476C280AD04C2874
:100D600014D0682815D06A280DD074281CD07A2891
:100D70001AD01DE062690121019890476C2802D0C9
:100D800045F0040514E045F002050DE045F02005AE
:100D90000AE06269012101989047682802D045F075
:100DA000080505E045F40065626901210198904756
:100DB000C4E9015765283DD019DC58287AD00CDCED
:100DC000452837D004DC252826D0412831D131E010
:100DD00046282FD047282CD12CE05B2877D06128DB
:100DE00028D063287CD0642823D15AE0D0E06F2833
:100DF00048D008DC66281DD067281BD0692821D080
:100E00006E2816D127E0702845D0732868D0752841
:100E100047D078280DD14DE0A1690B988847054649
:100E200025283FF469AFE1690B9888476D1C3FF4B2
:100E30006AAFB3E023466A466FF001000B99AFF347
:100E400000809EE045F040006060A80723464FF018
:100E5000000236D43EE0E8077FF447AF2068011D6A
:100E600021600068290501D506701BE7290701D517
:100E7000068017E7A90703D5F117C0E9006111E75C
:100E800006600FE745F040006060A80723464FF07A
:100E9000080216D41EE040F60E0125EA010060604B
:100EA00016E045F040006060A80723464FF00A02B4
:100EB00007D40FE045F040006060A80708D523463E
:100EC00010226FF001000B99AFF3008059E007E0AA
:100ED000234610226FF001000B99AFF3008050E021
:100EE0004FF000094F464B46632802D05B2806D0DE
:100EF00040E0E80601D40120A06001273AE06269E1
:100F00000121019890475E2805D14FF001096269DF
:100F1000494601989047216939B900210A4653464C
:100F200043F82120491C0829FADBB0B3216969B9CB
:100F3000C11700EBD16253110AEB830122F01F02AB
:100F4000821A01200B68904003430B606269012103
:100F5000019890475D28E8D1B9F1000F09D0002031
:100F6000514651F82020D24341F82020401C082847
:100F7000F7DB02AB224600976FF001000B99FFF7F9
:100F8000B3F900280CDA401C08D1BBF1000F05D0E2
:100F90004FF0FF300DB0BDE8F08FFFE74046F9E7B6
:100FA000E90701D108F1010806444FF0000B79E68A
:100FB000CCCCCC0C2DE9F05F82460078002715469A
:100FC0008B460AF10104B946302801D09DB113E0E7
:100FD00014F8010B0127782803D0582801D045B117
:100FE0000AE00DB1102D07D10027102514F8010BD0
:100FF00002E0082500E00A250026B0460EE005FBC9
:10100000080005FB06F1012701EB10461FFA80F8E6
:10101000B6F5803F00D3B94614F8010B294600F01D
:1010200018F80028EBDABBF1000F05D00FB1641EF1
:1010300000E05446CBF80040B9F1000F06D005F0AF
:10104000A1FB02210160C81EBDE8F09F48EA0640EE
:10105000FAE73A2800D2303820F02002412A01D3A2
:10106000A2F13700884201D34FF0FF30704770B5CE
:101070008C1810F8015B15F0070301D110F8013B43
:101080002A1106D110F8012B03E010F8016B01F8CA
:10109000016B5B1EF9D12B0705D40023521E0DD422
:1010A00001F8013BFAE710F8013BCB1A921C03E070
:1010B00013F8015B01F8015B521EF9D5A142D8D3A8
:1010C000002070BD14481549C26B4A6001F10C0242
:1010D000036C5360436C8B60816C91600F49826834
:1010E00028390A60C2684A60083102690A604269A8
:1010F0004A600831C26A0A60026B4A600831426B7A
:101100000A60826B4A604C39B0F850204A61B0F8EE
:10111000520008617047000000010020B801002063
:10112000008840BA7047000038B5164C050015D04D
:1011300001202070002005F0E5FA13492069002302
:1011400048434FF47A71B0FBF1F24FF0FF3000905A
:101150000421E06909F008FA002202E00020207072
:1011600001220A4C4FF40071204601F0A4F80DB1A1
:10117000012200E000222046BDE838404FF4807193
:1011800001F099B85C01002040420F00000C0140C2
:1011900010B50020FFF7C8FF02480349808AA1F874
:1011A000500010BD5C01002000010020F8B505F0E2
:1011B000B5F905461E4CA0F57F40FF3810D005F06C
:1011C000C3F91C4E20613DB10027012D15D0606987
:1011D000A84201D0656137602078054312D014E041
:1011E0000020FFF7A1FF4FF0FF30002300901A46C8
:1011F0000321E06909F0B8F9F8BD0120FFF794FF79
:10120000376002E00120FFF78FFF30686169B0FBB3
:10121000F1F201FB12010029EED10028ECD0207878
:101220000028E9D1BDE8F8400120FFF77DBF0000AC
:101230005C0100200C000020FEE7000070B5094DA5
:10124000FF22134605F5807606E000BF10F8014B3B
:1012500054402A5D5A40335D491E89B2F6D243EAB2
:10126000022070BDA4AF00082DE9F0410C460546F0
:10127000418800881746814202D10020BDE8F081F4
:10128000081AFFF78FFA0646D4E90010FFF7FBF8BB
:101290003146FFF730F9064638602888FFF78BFAA9
:1012A0003146FFF7F6F82168FFF7F0F87860012083
:1012B000E4E72DE9F0470E46DDE9088907461446C4
:1012C0001D4619463068FFF7DEF82146FFF713F98F
:1012D000FFF776FA388029467068FFF7D4F8214680
:1012E000FFF709F9FFF76CFA78804946B068FFF715
:1012F000CAF84146FFF7FFF8FFF762FAB880BDE889
:10130000F08700002DE9FC47384C8A462246A2F1BE
:1013100010058146231D291D284605F02BF905F0EF
:1013200079F8A4F14407012820D002285BD1314983
:101330002F48C5E90001C4E90001102005F0B6F905
:10134000D4E90023D5E9000105F058F9D7E91101E6
:10135000CDE90001D7E90D2304F11801A1F1340012
:10136000FFF7A7FFBDE8FC4702F098BC22481F4EDC
:10137000808B1C3E50B106F1340801280ED00228A3
:1013800026D0BDE8FC47052005F090B917497888BC
:10139000308018314A46A1F134000DE005F092F892
:1013A000C8F8040011497888708018314A46A1F1C4
:1013B0003400FFF759FF11E0FFF756FF0F2005F04B
:1013C00075F9D4E90023D5E9000105F017F9C9E75B
:1013D00005F08EF8C8F808007888B080524608F109
:1013E0000401B01CE8E7BDE8FC870000A001002074
:1013F000CDCC4C3D000048C3000100202DE9FC4746
:10140000384C8A462246A2F110058146231D291D2B
:10141000284605F0D1F805F013F8A4F14C0701288F
:1014200020D002285BD131492F48C5E90001C4E929
:101430000001102005F050F9D4E90023D5E900019E
:1014400005F0FAF8D7E91301CDE90001D7E90F2338
:1014500004F11C01A1F13A00FFF72BFFBDE8FC47A6
:1014600002F01CBC224A1F48138C1E3853B100F1F5
:101470003A01012B0ED0022B29D0BDE8FC470520F4
:1014800005F02AB9B988018016494A461C31A1F1F4
:101490003A0010E0126C0E464A60B988418011494A
:1014A00080461C314A46A1F13A00FFF7DDFE524664
:1014B000311D08F10200FFF7D7FE0F2005F00CF9EF
:1014C000D4E90023D5E9000105F0B6F8C6E7926C2F
:1014D0008A60BA888280801C5246091DEBE7BDE80D
:1014E000FC870000A8010020F5BD063A000040C1BD
:1014F00000010020704772B6FEE70022AFF30080C3
:1015000030B50E4B054601205C7A012C15D8587A6F
:1015100000241C54587A03EB800045605D7A03F187
:1015200008002A54587A421C5A72303008703A2007
:1015300048702F208870CC70002030BDC00500207E
:1015400006490020C8610648016941F004010161B3
:10155000016941F0400101617047000088050020E9
:1015600000200240064A0021D16106490A6942F082
:1015700002020A614861086940F040000861704752
:101580008805002000200240044B0022DA61044A52
:10159000136943F00103136101807047880500203F
:1015A0000020024014480022C168CB06134904D52C
:1015B000CA6942F00202CA611022C3685B0705D5FE
:1015C000CB6943F00103CB6142F00402C369DB073E
:1015D00007D0CB6943F00403CB61C16921F001015D
:1015E000C161A2F58071013901D0C2607047C16943
:1015F00021F00101C16170470020024088050020F0
:1016000070B5054600F05CFE0646114C09E0681C0A
:1016100007D025B100F054FE801BA84201D9032059
:1016200070BDE068C007F2D1E068800601D52020D7
:10163000E060E068C00605D4E069C00702D1E06858
:10164000400703D5FFF7AEFF012070BD002070BD3D
:101650000020024090F82020012A07D0022A05D05D
:10166000416A41F48021416201207047006842696B
:101670000A43426100207047F0B590F8205004689A
:10168000A468012D05D0022D03D0416A41F48021C8
:101690004DE014F0406F01D1E50045D5C4F301647D
:1016A0000125A5401D608D684FF4C0739DB1CE68C3
:1016B00035434E6845EAC605066803EB0417F55145
:1016C0004FF4C275076805EB04150E697E51097D5C
:1016D000012905D009E00E88CD6845EA4655EBE7BB
:1016E00001684E5946F480764E511179D2F8055072
:1016F0004FF4C67641EA0521056806EB0416A951A8
:101700001178D2F801204FF4C47541EA0221026831
:1017100005EB04155151006803EB0411425842F0E7
:10172000010242500020F0BD416A41F400114162C3
:101730000120F0BD10B590F820300268012B07D0D1
:10174000022B05D0416A41F480214162012010BD85
:10175000D2F8000240F00100C2F80002087D00F05B
:101760001F0301209840D2F81C328343C2F81C3278
:10177000CB69B3B9D2F80C328343C2F80C328C89EE
:101780004B6864F31F434C6902EBC404C4F8403255
:101790000C890B6864F31F434C6902EBC404C4F862
:1017A0004432CB69012B16D1D2F80C320343C2F874
:1017B0000C320C884B6864F31F434C6902EBC40481
:1017C000C4F840320C89CB6864F31F434C6902EBC8
:1017D000C404C4F844328B69002BD2F804320FD011
:1017E00053EA0003C2F804320B69002BD2F814321A
:1017F00008D00343C2F81432096A012904D008E072
:101800008343EFE78343F5E7D2F81C120143C2F8A4
:101810001C12D2F8000220F00100C2F800020020E1
:1018200010BD704770B590F82040012C05D0022CF7
:1018300003D0416A41F4802128E0046809B3246997
:10184000A40720D04FF4D874056804EB01142D5977
:1018500015F00405956005682D591AD0ED085560FE
:1018600005682C5904F00204D4604FF4DA7405685A
:1018700004EB01142E5906F00F06082E0CD3082590
:101880000DE0E468DCE7416A41F4001141620120A7
:1018900070BD6D0D1560E3E72D5905F00F0515615D
:1018A00005682D59C5F30725956105682C59240C49
:1018B00054614FF4DC72046802EB0112A4581C70EE
:1018C0000468A458240A5C700468A458240C9C7012
:1018D0000468A258120EDA704FF4DE72046802EB4C
:1018E0000112A4581C710468A458240A5C7104688D
:1018F000A458240C9C710468A258120EDA71006876
:1019000029B1016941F020010161002070BDC16869
:1019100041F02001C160F8E70246002092F8201053
:10192000012901D002290CD111688A68520100D521
:1019300001208A68120100D5401C8968C90000D5C1
:10194000401C70472DE9F05F054600680024466999
:10195000D0F804908768D0F80CB0D0F810A0D0F878
:101960001880F10748D0F90714D001218160B80729
:1019700003D5284600F02BFA0CE0780702D54FF487
:10198000006407E0380702D54FF4805402E028468F
:1019900000F01CFAF80516D529684FF480708860AD
:1019A000B80503D5284600F014FA0CE0780502D5F6
:1019B00044F4005407E0380502D544F4804402E0C2
:1019C000284600F005FAF80316D529684FF4803050
:1019D0008860B80303D5284600F0FDF90CE07803D1
:1019E00002D544F4004407E0380302D544F48034BF
:1019F00002E0284600F0EEF9300707D55FEACB6039
:101A000004D52968102044F40074C86070074FF0B2
:101A1000080707D55FEA0B7004D52868C760284619
:101A200000F05AF9B00706D52868C068800702D0D0
:101A3000284600F053F9700607D55FEACA6004D55E
:101A40002968102044F480640861B00607D55FEA75
:101A50000A7004D528680761284600F087F9F00667
:101A600006D528680069800702D0284600F07FF973
:101A7000B00308D55FEAC96005D529681020486021
:101A8000284600F075F9F00307D55FEA097004D520
:101A900028684760284600F09FF9300446D55FEA81
:101AA000497040D5F00504D55FEAC87001D044F014
:101AB0000104B00504D55FEA887001D544F0020442
:101AC000700504D55FEA487001D544F00404300580
:101AD00029D518F0700F26D008F07000402815D0D6
:101AE00006DC102809D020280AD0302816D10AE0B8
:101AF00050280ED0602811D10EE044F008040DE00B
:101B000044F010040AE044F0200407E044F04004EC
:101B100004E044F0800401E044F4807428688169A2
:101B200021F070018161296804204860002C05D0F3
:101B3000686A204368622846FFF773FEBDE8F09F9D
:101B400070B5040003D094F8200010B104E0012027
:101B500070BD204600F082F82068016841F0010164
:101B6000016000F0ADFB0546052604E000F0A8FB8F
:101B7000401B0A2811D820684068C007F6D02068AA
:101B8000016821F00201016000F09AFB05460BE0BC
:101B900000F096FB401B0A2806D9606A40F400302A
:101BA000606284F82060D2E7206840688007EFD444
:101BB000207E0128206801683DD021F0800101606D
:101BC000607E01282068016838D021F04001016062
:101BD000A07E01282068016833D021F02001016037
:101BE000E07E0128206801682ED041F010010160DC
:101BF000207F01282068016829D021F008010160B8
:101C0000607F01282068016824D021F00401016070
:101C1000D4E902010843D4E904121143084361687E
:101C2000491E08432168C86100206062012084F8D1
:101C30002000002070BD41F08001C0E741F040016C
:101C4000C5E741F02001CAE721F01001CFE741F0DC
:101C50000801D4E741F00401D9E7000010B586B0CF
:101C60000021009101910291039100681749884277
:101C70002AD11748C16941F00071C161C16901F001
:101C800000710491816941F0040181618069114C06
:101C900000F0040004904FF4006000906946204674
:101CA00000F008FAA0140090022001900320039095
:101CB0006946204600F0FEF900220721142000F0BA
:101CC00043FD142000F032FD06B010BD006400405A
:101CD00000100240000801407047000000B589B0C4
:101CE0006B4602AA0021FFF79DFD002837D103981B
:101CF000010E1C4801700399090C41700399090AEF
:101D000081700399C1700179069A62F3030101F0B1
:101D10000F020171082A03D921F00F010831017166
:101D20009DF8001041719DF8011081719DF802101D
:101D3000C1719DF8031001729DF8041041729DF865
:101D4000051081729DF80610C1729DF8071001738D
:101D5000054800231A460349406807F047FF09B0C9
:101D600000BD0000E1800020E000002070477047C7
:101D70007047000070B5044690F82000012804D098
:101D8000606A40F40020606218E0022084F82000BD
:101D90002068016821F00101016000F091FA054618
:101DA0000EE000BF00F08CFA401B0A2808D9606AD8
:101DB00040F400306062052084F82000012070BDEE
:101DC00020684068C007EDD1606270BD7047704701
:101DD0007047704770477047704710B590F82110F2
:101DE0000022022905D00421816380F820200120EF
:101DF00010BD01680B6823F00E030B6001680B68CF
:101E000023F001030B6090F84030C46B012101FA0C
:101E100003F3636080F8211080F82020104610BD85
:101E20002DE9F05F90F821100024022903D004214D
:101E30008163012485E001680A6822F00E020A60CD
:101E400001680A6822F001020A603F4E3E4FB21557
:101E5000DFF8F4C0DFF8F090DFF8ECA0DFF8E8B0CE
:101E6000DFF8E4E00168783F13011502ACF1640C7F
:101E7000A9F15009AAF13C0AABF1280BAEF1140EFE
:101E80004FF48018B14227D9B9420ED0614512D023
:101E900049451DD0514518D0594518D0714501D13B
:101EA000424615E0294EB14201D1012210E0274EF1
:101EB0001436B14201D110220AE0244E2836B14234
:101EC00006D0224A3C32914201D11A4600E02A460D
:101ED0001E49091F0A602BE0B94213D0614517D093
:101EE000494522D051451DD059451DD0714501D1DC
:101EF00042461AE0B14202D14FF0807215E0134E13
:101F0000B14201D1012210E0104E1436B14201D18C
:101F100010220AE00D4E2836B14206D00B4A3C3260
:101F2000914201D11A4600E02A46074980394A60A9
:101F3000012180F82110002180F82010416B01B1AF
:101F400088472046BDE8F09F800002400804024018
:101F50002DE9F047054626480F460126017E012956
:101F60000FD00121814601762868DFF888804CF285
:101F70005034022808D0A2462046FFF741FBA8B102
:101F800031E00220BDE8F0872046FFF739FB08BBAF
:101F90000120FFF7D5FA2046FFF732FBD8F81010E2
:101FA000064621F00401C8F810101CE04FF0FF3085
:101FB0003860AC6811E02046FFF7D4FA5046FFF7CE
:101FC0001FFBD8F81010060021F00201C8F810100D
:101FD00001D03C6007E004F50064D5E9020100EBA4
:101FE000C120A042E7D8002189F818103046C9E77F
:101FF00088050020002002400348016941F080016B
:102000000161002070470000002002402DE9F05FD0
:1020100007461C4888460024017E15461E460129B5
:1020200009D00121814601764CF2503A5046FFF723
:10203000E7FA18B122E00220BDE8F09F012F02D09C
:10204000022F00D00427D346DFF83CA02201284607
:102050003146FEF7D5F881B208EB4400FFF794FA59
:102060005846FFF7CDFADAF8102022F00102CAF83C
:10207000102018B9641CE4B2BC42E7D3002289F8EE
:102080001820D9E7880500200020024006490020DA
:102090000A69120607D5054A4A60054A4A60096975
:1020A000090600D501207047002002402301674542
:1020B000AB89EFCD2DE9F84FDFF8C8910024A9F1E5
:1020C000040B23460F2709F1040AABF1040ED1E0FB
:1020D0000125A54006EA0502AA4276D1DFF8A8C18B
:1020E0004E68A6EB0C0866452BD00DDC032E34D0D1
:1020F00005DC36B3012E19D0022E2FD11BE0112E94
:1021000016D0122E2AD119E0B8F5881F19D006DC96
:10211000B8F5803F15D0B8F5801F1FD111E0B8F594
:10212000001F0ED0B8F5041F18D10AE0CB6815E0E7
:10213000CB681B1D12E0CB6808330FE0CB680C3373
:102140000CE08B682BB1012B4FF0080303D04561E5
:1021500004E0042302E0056100E00023FF2A01D827
:10216000064601E000F104064FEA840501D9A5F115
:102170002005D6F8008007FA05FC28EA0C0803FAC7
:1021800005F548EA0508C6F800804D68ED0070D5F1
:102190003E4DAE6946F00106AE61AD6924F003061E
:1021A00005F0010500953A4D06EB050CDCF80850EA
:1021B000A607360F07FA06F825EA0805DFF8D480E7
:1021C000404503D14FF0000825E052E0DFF8C88019
:1021D000404502D14FF001081DE0DFF8C0804045C6
:1021E00002D14FF0020816E0DFF8B480404502D17A
:1021F0004FF003080FE0DFF8AC80404502D14FF00C
:10220000040808E0DFF8A080404502D14FF005083F
:1022100001E04FF0060808FA06F848EA0508CCF88D
:1022200008804D68D9F80060ED024D4601D516438F
:1022300000E096432E604D68DAF80060AD02554626
:1022400001D5164300E096432E604D68DBF8006030
:10225000AD035D4601D5164300E096432E604D6800
:10226000DEF80060ED03754601D5164300E09643A5
:102270002E60641C0A681646E2407FF429AFBDE870
:10228000F88F000008040140000011100010024007
:102290000000014000080140000C01400010014016
:1022A0000014014000180140001C014080680840F3
:1022B00000D0012070470AB1016170470904FBE7B3
:1022C00001488068704700004000002070B504009D
:1022D00025D094F83D00002520B984F83C502046D4
:1022E00000F04EF9242084F83D002068016821F0B8
:1022F000010101602068016841F40041016020682B
:10230000016821F40041016000F006FB4D4A61685C
:10231000914201D84C4900E04C49884201D2012049
:1023200070BD4B492368B0FBF1F15E6826F03F06B3
:102330000E435E606368934206D94FF49673594327
:102340004FF47A73B1FBF3F12368491C1E6A26F03F
:102350003F06314319626168914210D84900401E1E
:10236000B0FBF1F2521CC2F30B02042A01D204208A
:1023700022E0B0FBF1F0401CC0F30B001CE0A268AF
:10238000F2B301EBC10303EB0116431EB3FBF6F3FB
:102390005B1C43F480431B0549D092B301EBC1029F
:1023A00002EB0111401EB0FBF1F0401CC0F30B002A
:1023B00040F4804040F400402168CA694CF6FF7345
:1023C0009A431043C861D4E90710014320680268AA
:1023D00022F0C00211430160D4E9030101432068E7
:1023E000826848F2FF339A4311438160D4E90501C2
:1023F00008432168CA6822F0FF021043C86001E068
:102400000EE016E02068016841F0010101602564DA
:10241000202084F83D00256384F83E50002070BDE4
:1024200001EB4106431EB3FBF6F35B1CB3E701204F
:10243000C2E701EB4101401EB0FBF1F0401CC0F3CC
:102440000B00B7E7A086010080841E0000093D0054
:1024500040420F002DE9F84F1F4690468A46044639
:10246000DDF82890FFF72CFF054694F83D00202862
:102470007FD11923012240492046009501F03CFB01
:10248000002876D194F83C00012872D0012084F80D
:102490003C0020680168C90703D1016841F00101CF
:1024A00001602068016821F400610160212084F846
:1024B0003D00102084F83E0000262664C4F82480E5
:1024C0006785608D20852D48E0622B464A4651463F
:1024D000204601F097FA90B9206841698069009020
:1024E00036E02A464946204601F0ACFB50B1206C4C
:1024F000042804D12068016841F4007101600120C2
:10250000BDE8F88F606A216800780861606A401C45
:102510006062618D491E6185218D491E89B22185C8
:1025200022685369DB435B070BD451B1007810611B
:10253000606A401C6062608D401E6085208D401E78
:1025400020852A464946204601F0AAFA0028CED125
:10255000208D0028C5D154F83D0B016841F400716D
:102560000160202004F81E09E67766770020C7E79F
:10257000FFE70220C4E70000020010000000FFFF98
:1025800030B585B0002100910191029103911E4D5B
:1025900003681E4C122103221D48AB4216D1A369C9
:1025A00043F00803A361A369039203F008030493B3
:1025B000C023CDE900316946FFF77CFDE06940F4B6
:1025C0000010E061E06900F4001019E0114DAB4229
:1025D00017D1A36943F00803A361A369039203F031
:1025E000080304934FF44063CDE900316946FFF7D7
:1025F00061FDE06940F48000E061E06900F4800082
:10260000049005B030BD00000054004000100240AE
:10261000000C0140005800400248816802781144D3
:102620008160704740000020074810B5016841F004
:1026300010010160032000F0A7F80F2000F006F859
:1026400000F050F8002010BD0020024030B50546D3
:102650001F4887B0C16941F01001C161C06906A976
:1026600000F01000009001A800F036F90498B0B115
:1026700000F052F940001749174AB0FBF1F1174832
:10268000491E0260416040F2E7320021C0E90321A7
:102690008160816100F004FD040003D015E000F0CA
:1026A0003BF9E8E70D4800F06DFD04000DD1362040
:1026B00000F03CF8102D07D200222946362000F009
:1026C00043F80748056000E0012407B0204630BD0C
:1026D0000010024040420F00001000403C05002066
:1026E000440000200F4808B5816941F00101816173
:1026F000816901F001010091C16941F08051C1611E
:10270000C069002200F0805000900F21901E00F060
:102710001BF80548416821F0E06141F0007141601B
:1027200008BD00000010024000000140002809DB45
:1027300000F01F02012191404009800000F1E020DB
:10274000C0F8001170470000F0B40E4B1B680C4637
:10275000C3F30223C3F10705042D00D90425191D75
:10276000072901D2002300E0DB1E012606FA05F14D
:10277000491E214099409E40761E16403143F0BCD0
:1027800003F0F0BF0CED00E0064900F00702086816
:102790004FF6FF03184040EA0220034A1043086046
:1027A000704700000CED00E00000FA052DE9F0474D
:1027B0000F46050061D0434E306800F00700B84274
:1027C00009D2306820F0070038433060306800F0EC
:1027D0000700B84251D128683B4C810712D5400709
:1027E00003D5606840F4E06060602878000703D596
:1027F000606840F4605060606068A96820F0F00094
:10280000084360602878C00728D06868012810D085
:102810002168022810D0890700292EDA616821F08A
:10282000030101436160FFF74BFD804641F28839A7
:102830000DE021688903EFE78901EDE7FFF740FD2F
:10284000A0EB0801494502D90320BDE8F087606884
:10285000696800F00C00B0EB810FEFD1306800F038
:102860000700B8420BD9306820F0070038433060C9
:10287000306800F00700B84201D00120E5E7287871
:10288000400705D56068E96820F4E06008436060AF
:102890002878000706D56068296920F4605040EA6E
:1028A000C100606000F058F86168084AC1F3031184
:1028B000515CC8400649086006480068FFF7C6FE3C
:1028C0000020C2E7002002400010024096A6000847
:1028D0004C000020440000200F2202600C4A536884
:1028E00003F003034360536803F0F003836053680D
:1028F00003F4E063C36052684FF4E06303EAD2027A
:1029000002610448006800F007000860704700009A
:102910000010024000200240044805490068496850
:10292000044AC1F30221515CC84070474C000020AA
:1029300000100240A6A6000804480549006849683E
:10294000044AC1F3C221515CC84070474C000020CA
:1029500000100240A6A600080E4A51680E4801F079
:102960000C03042B11D0082B0FD10C48C1F3834367
:10297000C903C05C0AD55168084AC1F34041921EA0
:10298000515C054A5043B0FBF1F07047044948439D
:10299000704700000010024000127A0086A600086E
:1029A00000093D002DE9F84F040070D02078C04D9B
:1029B000C00749D06868C0F38100012807D0686863
:1029C000C0F38100022809D16868C00306D52868D1
:1029D000800339D560680028E7D035E06068B0F53D
:1029E000803F0BD010B1B0F5A02F11D0286820F493
:1029F00080302860286820F4802002E0286840F4B5
:102A000080302860606890B1FFF75AFC06460AE003
:102A1000286840F480202860F0E700BFFFF750FCF2
:102A2000801B642873D828688003F7D50CE0FFF773
:102A300047FC064605E000BFFFF742FC801B642808
:102A4000F0D828688003F7D420789A4E80074FF09A
:102A500001094FF0000839D5686810F00C0F07D055
:102A60006868C0F38100022809D16868C00306D4F1
:102A70002868800714D52069012808D110E0206952
:102A8000B0B1C6F80090FFF71BFC074605E00AE16D
:102A9000FFF716FCC01B0228C4D828688007F7D5AA
:102AA0002868616920F0F80040EAC10028600DE064
:102AB000C6F80080FFF704FC074604E0FFF700FCBF
:102AC000C01B022823D828688007F7D42078000785
:102AD0002CD57948A169D9B1C0F80090FFF7F0FB77
:102AE000074604E0FFF7ECFBC01B02280FD8686A1A
:102AF0008007F7D571484FF4FA510068B0FBF1F048
:102B0000009000BF0098411E0091FAD20EE080E0D4
:102B1000C0F80080FFF7D4FB074604E0FFF7D0FBC6
:102B2000C01B022875D8686A8007F7D42078400750
:102B300060D5E8690027C00008D4E86940F08050FB
:102B4000E861E869012700F0805000905C48016866
:102B5000C90513D40168834641F480710160FFF711
:102B6000AFFB824606E000BFFFF7AAFBA0EB0A001E
:102B700064284ED8DBF80000C005F5D5E0680128D0
:102B80000AD008B1052813D0286A20F00100286275
:102B9000286A20F0040002E0286A40F00100286260
:102BA000E06841F2883B98B1FFF78AFB82460BE070
:102BB000286A40F004002862EEE700BFFFF780FBC0
:102BC000A0EB0A0159455AD8286A8007F6D50CE0CF
:102BD000FFF776FB824605E0FFF772FBA0EB0A01E8
:102BE00059454CD8286A8007F6D41FB1E86920F00F
:102BF0008050E861E06988B36968C1F38101022906
:102C000044D00228C6F8608004D0FFF759FB044680
:102C100038E034E0FFF754FB074604E0FFF750FBD1
:102C2000C01B02282BD828688001F7D4206AB0F591
:102C3000803F05D16868A16820F4003008436860CF
:102C4000D4E908010843696821F4741108436860F5
:102C5000C6F86090FFF734FB044606E025E000BFAD
:102C6000FFF72EFB001B022809D828688001F7D542
:102C70001BE000BFFFF724FB001B022802D9032042
:102C8000BDE8F88F28688001F4D40EE00128F7D061
:102C90006868226A00F48031914204D1616A00F4CC
:102CA0007010884201D00120EAE70020E8E7000028
:102CB0000010024000004242800442424C000020CA
:102CC0000070004070B5040009D0606A002540B172
:102CD00025616561A56294F8510040B10CE00120C6
:102CE00070BD6068B0F5827FF4D0E561F2E784F8EA
:102CF0005050204600F040F8022084F8510020682F
:102D0000016821F040010160A088218900F48270EF
:102D100001F404410843A18901F400610843217CC6
:102D200001F002010843217D01F001010843218BDC
:102D300001F400710843217F01F03801084394F841
:102D4000201001F080010843218D01F40051084357
:102D500021680860A069042101EA104021684860E8
:102D60002068C16921F40061C1616565012084F8B2
:102D70005100002070BD000030B585B000240094E3
:102D8000019402940394254D0368254802210322EF
:102D9000AB421AD1836943F480538361836903F49E
:102DA00080530493836943F00403836180691D4D5C
:102DB00000F004000490A020CDE9000103926946D0
:102DC0002846FFF777F940201EE0174DAB4222D18D
:102DD000C36943F48043C361C36903F4804304932C
:102DE000836943F0080383618069104D00F0080097
:102DF00004904FF42040CDE9000103926946284633
:102E0000FFF758F94FF48040CDE9000469462846A1
:102E10000294FFF74FF905B030BD000000300140CB
:102E2000001002400008014000380040000C014042
:102E30002DE9FF4F81B01D46934604464FF001092E
:102E40000E9EFFF73DFA074694F85100616801288D
:102E500006D0B1F5827F3CD1A168C9BB042838D126
:102E60000298002871D0BBF1000FFBD0002DF9D0E3
:102E700094F8500001282CD04FF0010A84F850A09B
:102E800094F85100042802D0052084F851004FF036
:102E90000008C4F85480C4F838B0E587A5870299C3
:102EA0002163E586A586C4F84080C4F84480206884
:102EB0000168490603D4016841F040010160E068FF
:102EC000B0F5006F606808D0F0B3012D49D081E003
:102ED000FFE7022005B0BDE8F08F08B1012D39D120
:102EE000206B21680088C860206B801C2063E08E06
:102EF000401EE0862EE02068816889070FD5E18EAC
:102F000069B1B9F1010F0AD1216B0988C160206B49
:102F1000801C2063E08E401EE0864FF00009206890
:102F20008168C9070CD0E18F51B1C068A16B0880DE
:102F3000A06B801CA063E08F401EE0874FF001096A
:102F4000FFF7BEF9C01B01E00BE067E0B04201D320
:102F5000701C50D1E08E0028CDD1E08F0028CAD15E
:102F60003EE0206B216800780873206B401C2063D2
:102F7000E08E401EE0862DE02068816889070FD52D
:102F8000E18E69B1B9F1010F0AD1216B09780173A2
:102F9000206B401C2063E08E401EE0864FF000094D
:102FA00020688168C9070CD0E18F51B1C068A16B5E
:102FB0000870A06B401CA063E08F401EE0874FF0BC
:102FC0000109FFF77DF9C01BB04202D3701C01D08C
:102FD00011E086B1E08E0028CED1E08F0028CBD161
:102FE0003A463146204602F0CFFE50B120206065BF
:102FF00084F8508012E084F851A084F850800320B7
:1030000068E7A06818B92068C1688068009084F8F3
:1030100051A084F85080606D0028F1D0012059E75C
:103020007047704770B590F83C20012A2CD00124DD
:1030300080F83C40022280F83D2003685A689D6871
:1030400022F070060A6832435A60104B02689A42B6
:103050000ED00F4B9A420BD0B2F1804F08D00D4BDF
:103060009A4205D00C4B9A4202D00C4B9A4204D1A2
:10307000496825F080031943916080F83D400021A4
:1030800080F83C10084670BD022070BD002C014045
:10309000003401400004004000080040000C0040E3
:1030A00010B5040003D094F83D0010B107E00120F2
:1030B00010BD002084F83C00204600F01FF80220DC
:1030C00084F83D00211D206802F070FF012084F883
:1030D000460084F83E0084F83F0084F8400084F8FD
:1030E000410084F8420084F8430084F8440084F8E6
:1030F000450084F83D00002010BD000008B50168BF
:103100001D48B1F1804F11D01C4A91421DD1C169B7
:1031100041F00201C161C069002200F0020000908C
:1031200006211D20FFF710FB1D201FE0C16941F0A3
:103130000101C161C069002200F001000090062178
:103140001C20FFF701FB1C2010E00D4A914211D119
:10315000C16941F02001C161C069002200F0200076
:10316000009005213720FFF7EFFA3720BDE808402F
:10317000FFF7DCBA08BD0000001002400004004068
:103180000014004090F83D10012901D00120704743
:10319000022180F83D100168CA6842F00102CA604D
:1031A00000680E4988420ED00D4988420BD0B0F11C
:1031B000804F08D00B49884205D00B49884202D085
:1031C0000A49884204D1816801F00701062903D029
:1031D000016841F00101016000207047002C0140AE
:1031E000003401400004004000080040000C004092
:1031F0000168CA6822F00102CA6001680A6A41F2E5
:1032000011131A4207D10A6A9B101A4203D10A68A5
:1032100022F001020A60012180F83D100020704771
:1032200070B5044690F83C000025012817D001260F
:1032300084F83C60022084F83D002068826822F017
:10324000770222F47F4282600868502838D00DDC73
:1032500020284FD005DC90B3102811D14AE002207D
:1032600070BD302846D040280AD13BE060282FD0DE
:1032700070280DD0B0F5805F03D0B0F5005F12D09C
:10328000012584F83D60002084F83C00284670BD8C
:10329000CB68D1E90121206802F0D6FE2068816860
:1032A00041F0770109E0CB68D1E90121206802F003
:1032B000CBFE2068816841F480418160E1E719E03C
:1032C000CA684968206802F0D1FE5021206806E0F3
:1032D000CA684968206802F0DAFE6021206802F0BE
:1032E000BDFECEE7CA684968206802F0BFFE4021F3
:1032F0002068F4E7226801461046F0E770472DE9A0
:10330000F04104460068C66805694FF00007A90748
:1033100013D5B10711D5F91E01610120207720686E
:1033200080698007204602D0FFF7E8FF04E000F044
:103330007EF8204600F07CF82777680716D57007DE
:1033400014D521686FF004000861022020772068FE
:10335000806910F4407F204602D0FFF7CFFF04E0E1
:1033600000F065F8204600F063F82777280715D5A8
:10337000300713D521686FF008000861042020771A
:103380002068C0698007204602D0FFF7B7FF04E03D
:1033900000F04DF8204600F04BF82777E80616D5E8
:1033A000F00614D521686FF010000861082020771E
:1033B0002068C06910F4407F204602D0FFF79EFFCE
:1033C00004E000F034F8204600F032F82777E807F0
:1033D00008D0F00706D021686FF001000861204690
:1033E00000F028F8280608D5300606D521686FF0C9
:1033F000800008612046FFF713FE680608D57006B6
:1034000006D521686FF040000861204600F062F8A0
:10341000A8060AD5B00608D521686FF0200008611B
:103420002046BDE8F041FFF7FCBDBDE8F0817047E4
:103430007047000010B5044600681E49884201D15B
:10344000FFF7EAF81C4920680968884217D11B4930
:1034500000220868401C08600A380A2801D348681E
:1034600003E00A604868401C48600A380A2806D20F
:103470004A608868401C8860C868401CC860206832
:10348000B0F1804F07D10E480068002811D0804766
:103490000C48FFF7ADFE0C492068884209D10B4863
:1034A0000068002805D08047BDE810400848FFF7B5
:1034B0009FBE10BD001000401C0400200000002032
:1034C000F00000208C03002000040040F4010020E4
:1034D000D40300207047704770470000F8B50168BA
:1034E00004460868CA684B6910F00F0F4FF00005DA
:1034F00059D003F0010602F49077374365D0C10735
:1035000005D0D10503D5616C41F00101616441072B
:1035100005D5D90703D0616C41F0020161648107D0
:1035200005D5D90703D0616C41F00401616401073E
:1035300007D502F02001314303D0616C41F008014E
:103540006164616C00293AD0800604D5900602D5EA
:10355000204602F00EFE20684069616CC0F38010C6
:10356000090700D460B3204602F0DCFD2068406902
:10357000400621D52068143050E8001F21F040019A
:1035800040E80012002AF5D1E06BA8B16D49416313
:10359000E06BFEF745FC002811D0E06B416B01B0F9
:1035A000BDE8F040084783060FD593060DD52046A9
:1035B000BDE8F84002F0DDBD2046FFF78DFFF8BD05
:1035C0002046FFF789FF6564F8BD266B2023012E96
:1035D0007CD1C6067AD5D60678D5086848680090AA
:1035E00048694FF00206400640D5E16B0868406824
:1035F0000004000CE8D0A28D8242E5D9E0858869FC
:1036000020282DD020680C3050E8001F21F4807154
:1036100040E80012002AF5D12068143050E8001F5D
:1036200021F0010140E80012002AF5D12068143091
:1036300050E8001F21F0400140E80012002AF5D1B7
:1036400084F84230256320680C3050E8001F21F0D8
:10365000100140E80012002AF5D1E06BFEF7BDFB37
:103660006663A08DE18D401A81B22AE0A08DE18DC4
:10367000401A81B2E08D0028A6D00029A4D022688B
:103680000C3252E8000F20F4907042E80007002F3F
:10369000F5D12068143050E8002F22F0010240E8F4
:1036A0000027002FF5D184F84230256320680C30C4
:1036B00050E8002F22F0100240E80023002BF5D143
:1036C00066632046FFF707FFF8BDFFE705062BD529
:1036D000150629D594F841002128F5D1A068B0F548
:1036E000805F01D12069B0B1206A411C216221684C
:1036F00000784860E08C401E0004000CE084E3D1B8
:103700002068C16821F08001C1602068C16841F073
:103710004001C160D8E7206A0088C0F30800486013
:10372000206A801C2062E5E74006CDD55006CBD547
:10373000CA68204622F04002CA6084F8413000F096
:1037400023F9C1E71561000870B5040004D094F8AE
:103750004100002510B106E0012070BD84F8405002
:10376000204600F023F8242084F841002068C16836
:1037700021F40051C160204602F05CFD206801691F
:1037800021F4904101612068416921F02A014161E1
:103790002068C16841F40051C1606564202084F84C
:1037A000410084F842006563002070BDF0B585B02B
:1037B000002400940194029403944449424F066803
:1037C0000D15022203234248BE4220D1CE6946F4A1
:1037D0000026CE61CE6906F4002604968E6946F076
:1037E00010068E61896901F01001CDE90331CDE940
:1037F000005269460546FEF75DFCF814CDE9000469
:10380000694628460294FEF755FC05B0F0BD314FDD
:10381000BE422DD1CD6945F48015CD61CD6905F449
:10382000801504958D6945F010058D618D6905F051
:10383000100504958D6945F020058D618969039314
:1038400001F020010491B114CDE900126946FEF7A0
:1038500031FC0420CDE9000469461F480294FEF7BC
:1038600029FC002205213520FEF76EFF352028E0D7
:103870001A488642C9D1886940F4804088618869C5
:1038800000F480400490886940F0040088618869F1
:10389000694600F0040004907015CDE90002104E56
:1038A00003933046FEF706FCCDE9005469463046E6
:1038B0000294FEF7FFFB002205212520FEF744FFBE
:1038C0002520FEF733FFA0E7004C00400010024027
:1038D0000010014000500040001401400038014039
:1038E0000008014090F84230202B01D002207047A0
:1038F00021B11AB10023036302F0F8BC0120704724
:1039000070B5044600680E490E4D884207D1A8786C
:1039100000F0CEFE0122A91C0B48FFF7E3FF0B4984
:10392000206888420AD1E87800F076FBBDE8704054
:1039300004490122C91C0648FFF7D4BF70BD00002E
:103940000038014004020020F40400200050004030
:10395000AC04002090F84130202B01D002207047A9
:1039600079B172B101628284C28400214164212153
:1039700080F841100068C16841F08001C1600020FA
:1039800070470120704700002DE9F04104460D49C1
:10399000006800258E140C4F884205D13146384608
:1039A00001F044FF0948057009492068884206D1A2
:1039B0003146384601F03AFF0448401C0570BDE826
:1039C000F081000000380140000C0140040200209A
:1039D00000500040FEE701684A69D24352050FD407
:1039E0006FF480624A61002140F8301F2022427348
:1039F0008173026942F00402026101730120704781
:103A000000207047F8B50446C06A1E460D461746AA
:103A1000082807D0012805D010F5803F02D0206B80
:103A2000122804D12068016841F4807101601346B6
:103A300000224FF001112046009600F05DF840B1E1
:103A400020680068C00502D54FF400702064032090
:103A5000F8BD2069B0F5804F0ED00620216800EA3D
:103A6000D51040F0F000086133463A460B49204635
:103A700000F08AF878B902E005F0FE0000E0E8B254
:103A800021680861054933463A46891F204600F0FF
:103A90007BF80028DCD00120F8BD00000800010000
:103AA00070B516460D4604461EE02046FFF793FF0C
:103AB00008B1012070BD681C16D0FEF701FC801B08
:103AC000A84200D885B920684069C04340070BD59B
:103AD000002044F8300F20216173A073216941F068
:103AE000200121612073E4E720684069C04340075A
:103AF000DBD4002070BD00002DE9F0479846174642
:103B00000D460446C1F30746DDF820902AE000BFC9
:103B1000B8F1FF3F26D0FEF7D3FBA0EB09014145EA
:103B200002D8B8F1000F1DD12068012E16D080698F
:103B300025EA00000004000C12D00020B84211D188
:103B4000002044F8300F20216173A073216941F0F7
:103B50002001216120730120BDE8F0874069E7E77B
:103B60000120EBE72068012E0AD0806925EA0000D9
:103B70000004000C06D00020B842C9D00020EBE7BA
:103B80004069F3E70120F7E72DE9F047984616462C
:103B90000D4604464FF000094FF0200AC1F30747D5
:103BA00023E020684069C043400515D420680168BF
:103BB00041F40071016021686FF480604861C4F8CD
:103BC000309084F83DA084F83E90216C41F00401CF
:103BD000216484F83C9021E0701C06D0FEF770FB55
:103BE000A0EB0800B04203D816B1012F1FD021E08E
:103BF0002068012F15D0806925EA00000004000C20
:103C000018D000BF44F8309F84F80DA084F80E90BF
:103C1000216941F02001216184F80C900120BDE868
:103C2000F087406925EA00000004000CEAD1206812
:103C3000406901E02068806925EA00000004000C6A
:103C4000AFD1ECE770B516460D4604461EE020469F
:103C5000FFF7C1FE08B1012070BD681C16D0FEF749
:103C60002FFB801BA84200D885B920684069C0435B
:103C700000060BD5002044F8300F20216173A0739B
:103C8000216941F0200121612073E4E72068406947
:103C9000C0430006DBD4002070BD00002DE9F047D2
:103CA00090B000240C9401250E94FEF7EFF92948FA
:103CB00001210460284CC0E902410EA9FEF748F931
:103CC0004FF0FF3A50BB2549A0460A1F8868009074
:103CD000C86801900869029048690390C86A049016
:103CE000086B0590486B0690886B0790C86B08902E
:103CF000086C0990486C0A90886C10600027DFF807
:103D000060906E460B9001E084420DD256F8272059
:103D1000002321460220FEF779F918B1504610B071
:103D2000BDE8F0874846241D7F1C0C2FECDBFEF716
:103D300063F9414600204A460B6856F82040A342EA
:103D400000D00025401C091D914201D2002DF3D165
:103D50002846E4E7B08100200000010800010020AF
:103D60000008010800B50168C27809BA89B021F0DD
:103D7000FF0111430391042104910021059102796F
:103D80008DF81C1002F00F02069241798DF8001098
:103D900081798DF80110C1798DF80210017A8DF8C2
:103DA0000310417A8DF80410817A8DF80510C17ADC
:103DB0008DF80610007B8DF807000648FDF7ACFD76
:103DC0000028FAD008AB6A4602A90248FDF754FC65
:103DD00009B000BD0C02002010B58AB000220D21F0
:103DE000032005F0BBFD124C606008B9FDF783FBB2
:103DF000002000900190029003900490059006909E
:103E00000120079008900E20099069460948FDF7A7
:103E100091FC08B1FDF76FFB552020700548FDF7B8
:103E2000A9FF02210348FDF715FC0AB010BD0000F0
:103E3000E00000200C02002019481A4A0168101DF9
:103E400081601749091D0968C16015490831096871
:103E5000016113490C310968416111491031096848
:103E6000C1620F491431096801630D4918310968AD
:103E700041630B491C310968816309492031096894
:103E8000C16307492431096801640549283109687B
:103E9000416403492C310968116081647047000056
:103EA00000000108FC00002070B5184D687801285A
:103EB0002BD1174C00266E7094F84010042922D3A1
:103EC0002046FDF7BBF9F0B96178032905D0012040
:103ED000062905D0102916D10CE000F04DF812E0AB
:103EE00094F8401079B121782A7891420BD184F866
:103EF000D00008E094F8401029B121782A78914246
:103F000001D184F8D10084F8406070BDE401002044
:103F1000DA8100202DE9F8430025154C154E88461E
:103F200081466F1E42464946207800F0A7F806F009
:103F300051F90246009700230121E06906F014FBC5
:103F4000FFF7B2FFA068012896F8CF0002D0002842
:103F5000F6D004E018B96D1C15F0FF05E2D0002082
:103F6000A06096F8CF00002800D00120BDE8F883BB
:103F7000E4010020DA8100202DE9F047244D95F876
:103F80004000002823D0EC1CAE780027DFF884A086
:103F900005F1D2084FF0010916E000BFB5F8CA00DC
:103FA0003844322827D014DC0A281CD00B280ED124
:103FB0002046FDF7B5F8A8F80200AAF84E0000BFA9
:103FC000A41C85F8CF907F1CB7EB560FE6DBBDE84D
:103FD000F087332815D03D28F9D12046FDF7A0F809
:103FE000A8F80800ECE72046FDF79AF8A8F80000CA
:103FF000AAF84C00E4E72046FDF792F8A8F8040080
:10400000DEE72046FDF78CF8A8F80600D8E70000A8
:10401000DA8100200001002070B504460F4800211D
:104020000F4A40680F4B05E052F83150854204D0EA
:10403000491CC9B21D68A942F6DB02EBC1000A495E
:10404000406801F035FF094991F84000402804D24A
:104050000C5411F8400F401C087070BDE4010020A2
:10406000A4B10008E4B1000871400008DA81002022
:104070000149012048707047E40100202DE9F0411A
:104080000E4E0D46002706F144010123785403200B
:10409000585402232C0A5C5445540420130A4354F8
:1040A000052014464254062006F8C40F00F03AF8E2
:1040B000F772B472F580BDE8F0810000DA8100206B
:1040C000F0B4174D002605F14404102730550120A7
:1040D000075502200F0A0755032001550420062129
:1040E00006550520025550000855072085F8C400E4
:1040F00000200CE095F8C4103D290ED81E5C0E552A
:1041000095F8C410491C401C85F8C41080B2B0EB6F
:10411000420FEFD3F0BC00F005B8F0BC70470000D0
:10412000DA81002070B50C4C0B48443014F8C41FE1
:104130000546FDF783F82278010A51552178491C7C
:10414000C9B2217048552078401CC1B22170284660
:10415000BDE8704001F08CBBDA8100202DE9F84FFA
:104160000025164C164E9046894682466F1E4346E1
:104170004A4651462078FFF7A3FF06F02BF8024687
:10418000009700230121E06906F0EEF9FFF78CFEAD
:10419000A068012896F8D10002D00028F6D004E0EB
:1041A00018B96D1C15F0FF05E1D00020A06096F84D
:1041B000D100002800D00120BDE8F88FE4010020E4
:1041C000DA8100202DE9FE4F424C00254FF0030B11
:1041D00084F83D5094F83C00082803D084F83DB0A2
:1041E000BDE8FE8FA01CFCF79BFF8046201DFCF75E
:1041F00097FF070007F107004FEAD0064FF0020AC9
:104200003FD008EB0700401C05283AD80020A946FB
:10421000E84603E008F80090401C80B2B042F9D3B1
:10422000002528E02C4800EBC50150F835008988AE
:10423000FEF73CF835B1012D08D0022D0AD0032D30
:104240000FD10BE02549A1F854000AE02349A1F859
:10425000560006E02149A1F8580002E01F49A1F8E4
:104260005A0008EBD50105F007030A78984002438D
:104270006D1C0A70ADB2BD42D4D394F83D0038B184
:1042800002E0504684F83DA0C0B200F04BFAA7E728
:10429000104822783E30012109F8002062780A5443
:1042A0000AF8006084F8BEB0002142460AE094F8A3
:1042B000BE50535C2B5494F8BE305B1C491C84F8F0
:1042C000BE3089B2B142F2D394F8BE1000F050FA79
:1042D00086E70000F080002084AF00080001002085
:1042E0002DE9F04F374CA1B04FF0000984F83D9014
:1042F00094F83C000326082803D000BF84F83D60F2
:104300002BE0A01CFCF70CFF8346201DFCF708FFE8
:1043100005464028F2D800274FF0020AE84617E089
:1043200008EB4701584600F059F910B1022803D0B4
:1043300008E084F83DA010E07F1C0BF10100BFB243
:104340001FFA80FB0BF101007F1C1FFA80FBBFB23C
:10435000AF42E5D394F83D0030B194F83D0000F051
:10436000E1F921B0BDE8F08F164822783E300121F6
:1043700009F8002062780A546A000AF8002084F8DC
:10438000BE600021424615E094F8BE6012F811307C
:10439000335494F8BE3002EB41065B1CDBB284F868
:1043A000BE3076781E5494F8BE305B1C491C84F8ED
:1043B000BE3089B2A942E7D394F8BE1000F0D8F914
:1043C000CFE70000F080002070B5254C00200326C8
:1043D00084F83D0094F83C00082802D084F83D6041
:1043E00033E0A01CFCF79CFE0546201DFCF798FE60
:1043F00018B1B0F57F4FF1D101201A491A4B4DB1D8
:10440000012D0DD0022D11D0032D14D0022084F8DF
:104410003D001AE0A1F85400C2B24FF400710EE062
:10442000A1F85600C2B24FF4807108E0A1F858001C
:10443000C2B2102103E0A1F85A00C2B20821184606
:10444000FDF739FF94F83D0028B194F83D00BDE830
:10445000704000F067B9BDE8704000F077B9000027
:10446000F080002000010020000C014010B5104C2D
:10447000002084F83D0094F83C00082801D0032077
:104480000BE0A01CFCF74CFE211D00F08DF918B1CB
:1044900094F83D0040B102E0022084F83D00BDE800
:1044A0001040C0B200F03EB9BDE8104000F04EB977
:1044B000F08000202DE9F0411F4C0020032584F8F6
:1044C0003D0094F83C000B280BD3A01CFCF728FE01
:1044D0000646201DFCF724FEA1790746B1EB470FE5
:1044E00002D084F83D501CE0002511E004EB4501AA
:1044F0003046C91D00F058F9022801D070B103E020
:104500006D1C761CEDB2B6B2761C6D1CB6B2EDB267
:10451000BD42EBD394F83D0048B102E0022084F89C
:104520003D0094F83D00BDE8F04100F0FBB8BDE867
:10453000F04100F00BB90000F08000202DE9F041BF
:10454000234D4FF0FF373946E86805F0E7FC0026B9
:10455000204C012829D16E7094F83C10042924D3F2
:104560002046FCF76BFE00BB2078297888421CD1DE
:10457000194D3946286805F0D1FC607805281ED011
:1045800004DC012815D0032804D115E0062819D031
:1045900010281AD0012084F83D0000F0C3F8002351
:1045A0001A461946286805F071FA84F83C60BDE89F
:1045B000F081FFF707FEF2E7FFF792FEEFE7FFF764
:1045C00003FFECE7FFF752FFE9E7FFF773FFE6E7CA
:1045D000E8000020F08000207401002020B5334A5C
:1045E000292852D2DFE800F01551175119511B51FB
:1045F0001D511F5121232527292B512D512F513179
:104600005133513551375139513B513D513F42455D
:10461000480013683BE0536839E0936837E0D3689B
:1046200035E0136933E0536931E0108B26E0508B9D
:1046300024E0908B22E0D08B20E0108C1EE0536AA7
:1046400025E0936A23E0D36A21E0136B1FE0536BEC
:104650001DE0936B1BE0D36B19E0136C17E0536CF8
:1046600015E0936C13E0B2F84C0007E0B2F84E008E
:1046700004E0B2F8500001E0B2F85200012C06D07C
:10468000020A0A704870012020BD002020BD0748A2
:104690001A0E083803600A700268120C4A70028809
:1046A000120A8A700078C870022020BD0001002024
:1046B00070B5114B04460021104A114D586805E0B1
:1046C00052F83160864204D0491CC9B22E68B1420A
:1046D000F6DB0020587002EBC1000A49406801F087
:1046E000D3FB094991F83C003C2804D20C5411F842
:1046F0003C0F401C087070BDE8000020A4B1000809
:10470000E4B100080D470008F080002010B5044C0B
:104710000021E06805F0C9FA0120607010BD0000BA
:10472000E8000020084908B50A788DF8002049788B
:1047300041F080018DF801108DF8020003216846D8
:1047400000F016F808BD0000F08000201CB5074AF4
:1047500000206946135C0B54401CC0B20628F9D3F4
:104760000621684600F004F81CBD0000F08000201F
:1047700030B50C460A46A1B0054601466846FBF72F
:104780004FFD21462846FCF759FD010A0DF804109B
:10479000641CE1B20DF80100491CC9B2684601F081
:1047A0004BF821B030BD00002DE9F04107460D4621
:1047B0000846FCF7B5FC5F4C0646292F6FD2DFE8B0
:1047C00007F015B71EB727B730B739B742B7B74BA1
:1047D0004D4F5153B75CB765B76FB778B781B78A9C
:1047E000B793B79CB7A5B7B7B7B0B300A81CFCF791
:1047F00097FC0146304601F08DF820608EE0A81C41
:10480000FCF78EFC0146304601F084F8606085E0DC
:10481000A81CFCF785FC0146304601F07BF8A0603F
:104820007CE0A81CFCF77CFC0146304601F072F8E5
:10483000E06073E0A81CFCF773FC0146304601F011
:1048400069F820616AE0A81CFCF76AFC0146304662
:1048500001F060F8606161E0668367E0A68365E06F
:10486000E68363E0268461E0A81CFCF759FC01465E
:10487000304601F04FF8606250E0A81CFCF750FC95
:104880000146304601F046F8A06247E0A81CFCF75C
:1048900047FC0146304601F03DF8E0623EE047E06B
:1048A000A81CFCF73DFC0146304601F033F82063BC
:1048B00034E0A81CFCF734FC0146304601F02AF82D
:1048C00060632BE0A81CFCF72BFC0146304601F08E
:1048D00021F8A06322E0A81CFCF722FC0146304628
:1048E00001F018F8E06319E0A81CFCF719FC014678
:1048F000304601F00FF8206410E0A81CFCF710FC13
:104900000146304601F006F8606407E0A81CFCF799
:1049100007FC0146304600F0FDFFA0640220BDE820
:10492000F081A4F8506001E0A4F852600120F6E79D
:104930000020F4E7000100200F4810B50D49016088
:104940000821416000214FF460228160C0E9031218
:104950004FF480124261017641768176C17601770B
:104960004177FDF7EDF8002803D0BDE81040FCF7D3
:10497000C2BD10BD006400400C02002010B5044907
:104980000448FCF7BAFD0249491E087010BD00003A
:10499000390000202400002038B500F0A7FD0120D8
:1049A0000090184B18A21E21002000F019FE00F004
:1049B00019FF03F075FBFFF70FFA164A002116489E
:1049C00003F080FD154C134A002120602432144866
:1049D00003F078FD0F4A606048320021114803F06F
:1049E00071FD0C4AA0606C3200210F4803F06AFD93
:1049F000084AE060903200210C4803F063FD20611A
:104A000038BD00007CAF000877616974696E67206B
:104A100073642000D0A50008815E0008100000200B
:104A2000554F0008B94E000809500008354E0008DF
:104A30002DE9F04786B00024464800940194029482
:104A40000394816941F020018161816901F02001B5
:104A50000491816941F010018161816901F01001C7
:104A60000491816941F004018161816901F00401CF
:104A70000491816941F0080181618069DFF8D89073
:104A800000F00800049000224FF491714846FDF7B1
:104A900012FCDFF8C880002208214046FDF70BFC1D
:104AA000DFF8BCA0002241F21C315046FDF703FCA8
:104AB000012220215046FDF7FEFB0125CDE90054DF
:104AC000694648460295FDF7F5FA22200326CDE90E
:104AD0000005CDE9024669464846FDF7EBFA082095
:104AE0000227CDE90005CDE9024769464046FDF7BA
:104AF000E1FA0420CDE90005CDE9024669465046B9
:104B0000FDF7D8FA41F21800CDE90005CDE90247DA
:104B100069465046FDF7CEFA8020CDE9000469468B
:104B200048460294FDF7C6FA2802CDE90005CDE912
:104B3000024769464846FDF7BDFA4FF44870CDE993
:104B40000005CDE9025669465046FDF7B3FA06B0B6
:104B5000BDE8F0870010024000100140000801404D
:104B6000000C01400D4810B50B4901600C49416033
:104B700000214FF480428160C0E9031241618161EC
:104B8000C1610162FDF7A2FB002803D0BDE810401F
:104B9000FCF7B1BC10BD00000054004034020020FE
:104BA000801A06000D4810B50B4901600C494160A0
:104BB00000214FF480428160C0E9031241618161AC
:104BC000C1610162FDF782FB002803D0BDE81040FF
:104BD000FCF791BC10BD0000005800408802002086
:104BE000801A0600104810B50E4901604FF482711A
:104BF000416000218160C1604FF400720161C0E931
:104C000005120822C0E90721416281620A21C162BE
:104C1000FEF758F8002803D0BDE81040FCF76BBC45
:104C200010BD000000300140DC020020104810B52B
:104C30000E4901604FF48271416000218160C160C2
:104C40004FF400720161C0E905120822C0E9072192
:104C5000416281620A21C162FEF734F8002803D064
:104C6000BDE81040FCF747BC10BD00000038004014
:104C70003403002010B586B0002416480094019437
:104C80000294039404944FF08041059401604721FD
:104C9000C0E901144FF6FF71C0E903148461FEF707
:104CA000FFF908B1FCF727FC4FF4805000906946EB
:104CB0000848FEF7B5FA08B1FCF71DFC049404A9F6
:104CC00004480594FEF7AEF9002801D0FCF713FC68
:104CD00006B010BD8C03002010B586B00024174824
:104CE0000094019402940394049413490594016080
:104CF0004721C0E901144FF6FF71C0E90314846134
:104D0000FEF7CEF908B1FCF7F6FB4FF480500090A7
:104D100069460A48FEF784FA08B1FCF7ECFB0494F4
:104D200004A906480594FEF77DF9002801D0FCF798
:104D3000E2FB06B010BD000000040040D4030020D8
:104D40001CB500240F4800940D49019401604721CF
:104D5000C0E9011442F20F71C16080218161FEF748
:104D60009FF908B1FCF7C7FB009469460548019418
:104D7000FEF758F9002801D0FCF7BDFB1CBD000070
:104D8000001400401C0400200C4810B50A490160C2
:104D90004FF4E1314160002181600C22C160C0E923
:104DA00004128161C161FEF7CFFC002803D0BDE889
:104DB0001040FCF7A0BB10BD004C00406404002074
:104DC0000C4810B50A4901604FF4E13141600021FF
:104DD00081600C22C160C0E904128161C161FEF7EB
:104DE000B3FC002803D0BDE81040FCF784BB10BD25
:104DF00000500040AC0400200C4810B50A49016086
:104E00004FF416514160002181600C22C160C0E95D
:104E100004128161C161FEF797FC002803D0BDE850
:104E20001040FCF768BB10BD00380140F4040020BE
:104E3000FEE7000008B503220021012004F08EFDEA
:104E4000184C03220021A061012004F087FD0023FB
:104E50001A461946606104F019FE134800230090B9
:104E60001A464FF47A7111A005F034FB1149E06144
:104E7000606848600846FEF767FC01F037F84FF4B9
:104E8000FA74084A02210C320A20FFF767F920461B
:104E900004F064FB02210A20FFF73CF8204604F0EE
:104EA0005DFBEEE7E4010020B560000872787469EC
:104EB0006D657200AC0400201CB5012004F043FDB8
:104EC0001F4CA06198B30020FCF72EF91D481E4925
:104ED000006848600846FEF737FC032200210120E5
:104EE00004F03CFD1949086000F0DEFCFEF7A4FF69
:104EF000FCF7E8F8D4E91101CDE90001D4E90D236C
:104F000004F15C01A1F13400FCF7D3F9D4E91301F9
:104F1000CDE90001D4E90F2304F16801A1F13A00C1
:104F2000FCF7C7F900F0D8FFFFF708FBFCE7FFE745
:104F3000502080F31188BFF34F8FBFF36F8FFEE7D0
:104F40005C010020EC000020F4040020F4000020AC
:104F5000FEE700008AB0204C2049002320691A4651
:104F600048434FF47A71B0FBF1F11D4800901DA049
:104F700005F0B0FA1E4E0025E06117494431A1F159
:104F80001000FCF7BFF914494C31A1F11000FCF7F7
:104F900035FA01F06BFAA06001F07EFAE060A168DA
:104FA000206AFBF73FFCE168606AFBF731FCFCF725
:104FB000FDF810A21E2101A8336801F0BBFB114BC4
:104FC00001AA01210020009500F00AFB00F00AFC74
:104FD000642004F0C3FAD0E75C01002040420F00D7
:104FE00091110008626C6F7774696D657200000042
:104FF0000800002054696D653A2020202025647344
:105000000000000084A9000886B01D4801F058F88F
:105010001C4E1D4C40F2FF170025194964220D312A
:10502000306804F091FE012813D0207E2083174BB6
:1050300017A20A210020009500F0D2FA238B18A2B3
:10504000142101A801F076FB208BB8420CD1009509
:105050000CE00B480D3000F02BF8144802F00AF871
:105060000748FEF77FFEE9E701200090074B01AA01
:105070003221002000F0B4FA322004F06FFACCE7BD
:10508000C0810020E4000020000100207CAF000867
:105090004E6F742052656365697665640000000098
:1050A00073746174653A202535642000F001002096
:1050B0002DE9F04FDFF85CA20746B0F805509DB02F
:1050C0000AF12800AAF8025046884FF48074B7F815
:1050D0000500FBF770FBAE42564602D30AF13405D9
:1050E00001E08C4D44352968FBF7D3F96968FBF77B
:1050F00078F930628748B7F807502E30AAF8045084
:105100004688B7F80700FBF756FBAE42564602D377
:10511000804D3C3501E07F4D4C352968FBF7B9F9EE
:105120006968FBF75EF97062787A00F00309C0F3F2
:105130008108C0F301118509B87A0129C0F341162D
:1051400000F01F001C90F87A00F01F001B90387BC5
:1051500000F01F0B78D000297DD010297DD06EA1E2
:1051600002A8FBF79BF800BFDAF82000FBF73CFB36
:10517000CDE900016CA2142102A801F0DBFA0020A5
:105180006E4B02AA0A21009000F02AFA012D66D087
:10519000002D6BD0102D6BD069A102A8FBF77EF813
:1051A0005546DAF82400FBF71FFBCDE9000168A2A1
:1051B000142102A801F0BEFA0020604B02AA1E21B1
:1051C000009000F00DFAB8F1010F53D0B8F1000FC4
:1051D00057D0B8F1100F56D063A107A8FBF75EF8BF
:1051E000B9F1010F51D0B9F1000F55D0B9F1100F3D
:1051F00054D061A107A8FBF751F8AB8863A2142132
:105200000FA801F097FA6B8864A214210FA801F08F
:1052100091FA14AA0D21384602F096FF44F00804D2
:10522000012E3DD0002E3DD0102E3DD05FA107A80D
:10523000FBF734F840F2F71004401C981F2838D0D0
:1052400039E001E007E008E05EA102A8FBF726F8DC
:105250004FF4C07488E75FA182E762A180E765A18F
:1052600002A8FBF71BF844F0400499E765A194E716
:1052700068A192E76BA107A8FBF710F844F020049F
:10528000AEE76CA1A9E76FA1A7E772A107A8FBF79A
:1052900005F844F01004B0E774A1ABE779A1A9E7E1
:1052A0007DA102E082A100E086A107A8FAF7F6FF3F
:1052B000C3E744F0040488A20A210CA81B9B01F058
:1052C00039FA1B9801261F281ED0854B0CAA0121F4
:1052D0002820009600F084F95B4682A20A210CA8DF
:1052E00001F028FABBF11F0F11D07D4B0CAA012150
:1052F0002820009600F074F9D5E90801224601F053
:10530000B9F91DB0BDE8F08F44F00204E4E744F0C1
:105310000104F1E75C0100204E4F783A2064656695
:1053200061756C74202000004E4F783A2025352E90
:1053300032662070706D2020202000007CAF0008B5
:105340004F323A2064656661756C7420200000005D
:105350004F32203A2025352E32662025202020206D
:10536000202020202025200054656D703A2064659F
:105370006661756C74000000766F6C746167653AE5
:105380002064656661756C74202000004F325F7286
:1053900061773A2030782578200000004E4F585F22
:1053A0007261773A20307825782000006865617452
:1053B00065723A2073746F702020202020202020F6
:1053C000000000004E4F783A20737461626C6520D3
:1053D000000000004E4F783A20696E76616C696477
:1053E000202000004E4F783A206E6F2075736520A4
:1053F000200000004F32203A20737461626C6520F7
:10540000000000004F32203A20696E76616C6964BA
:10541000202000004F32203A206E6F2075736520E7
:105420002000000054656D703A2052656164792057
:105430000000000054656D703A20556E726561641D
:105440007900000054656D703A206E6F20757365A9
:1054500000000000766F6C746167653A20496E52F7
:10546000616E67652020202020200000766F6C741C
:105470006167653A204E6F74496E52616E676520B0
:1054800000000000766F6C746167653A206E6F20D3
:1054900075736520202020006865617465723A206C
:1054A00048656174696E6733342020200000000075
:1054B0006865617465723A206175746F48656174DE
:1054C000696E67006865617465723A204865617449
:1054D000696E6731322020006E6F25326400000053
:1054E00084A900086F3225326400000010B5012045
:1054F00004F029FA2D494860AE2000F0ABF82020D6
:1055000000F0A8F8102000F0A5F8B02000F0A2F8F4
:10551000C82000F09FF8002000F09CF8102000F058
:1055200099F8402000F096F8812000F093F8DF20F1
:1055300000F090F8A12000F08DF8A62000F08AF885
:10554000A82000F087F83F2000F084F8A42000F0A5
:1055500081F8D32000F07EF8002000F07BF8D52001
:1055600000F078F8F02000F075F8D92000F072F81B
:10557000222000F06FF8DA2000F06CF8122000F022
:1055800069F8DB2000F066F8202000F063F88D2039
:1055900000F060F8142000F05DF800F009F800F069
:1055A00021F9BDE81040AF2000F054B8D800002029
:1055B0004FF480610148FAF74CBE0000E17C002006
:1055C0003CB51C78059D203ACDE900455D68E41D99
:1055D0005B78E408544303FB045200F09BF83CBDA5
:1055E0002DE9F8411E46154688460446079F09E006
:1055F0003346414620460097FFF7E2FF70786D1C66
:105600002044C4B22A78002AF2D1BDE8F881000013
:10561000F8B50E4C0E4607464FF0FF352946606838
:1056200004F07CFC01280FD133463A467821084823
:105630000095FCF70FFF606801B00023BDE8F04063
:105640001A46194604F022BAF8BD0000D80000201E
:10565000340200200249487002210148FFF7D8BFF8
:10566000DA0000202DE9FC4180460720CDE9000347
:1056700001F00704CD08164602FA04F01F46C2B234
:1056800023464146284600F089F8002C0CD0601EC5
:10569000C0B2CDE90007C4F1080026FA00F2681C88
:1056A0000023414600F07AF8BDE8FC812DE9FC4377
:1056B00001F007061446CD089846814601F007011F
:1056C00006EB080204FA01F0099F082A16D90721FF
:1056D000CDE90017C2B233464946284600F05EF8CD
:1056E00008EB06000938C0B2CDE90007C6F1080092
:1056F00024FA00F2681C0023494607E0521ED1B28A
:10570000CDE90017C2B233464946284600F046F8B4
:10571000BDE8FC832DE9FF4F82B01D460F989346EC
:10572000C70800F0070088460026019018E002989C
:1057300000240BEB060A00EB06090DE004FB05F064
:10574000109B10F80A2008EBC400C1B209F0FF005A
:10575000FFF788FF641CE4B2BC42EFD3761CF6B2BC
:10576000AE42E4D30198002815D005FB07F60024CB
:1057700008EBC7070DE010980090311902981BF84C
:1057800001202044F9B2C0B2019BFFF78FFF641CD7
:10579000E4B2AC42EFD306B0BDE8F08FF0B5082814
:1057A000DDE9056419D2802917D20CB1D243D2B2F7
:1057B000FF25761C05FA06F6C3F10803084F46EAF2
:1057C0000204DD4007EBC017044B785CB2432C4366
:1057D000AA4320401A7010437854F0BDD80000202E
:1057E000E17C002070B5104D40200024287005F1A8
:1057F000810600BF04F1B000C0B2FFF72BFF00200C
:10580000FFF728FF1020FFF725FF06EBC4118022C9
:10581000681CFAF705FD81210348FFF7F9FE641CB7
:10582000E4B2082CE6D370BD607C00200022FCF7B7
:1058300042BD0122FCF73FBD70B5054609480C4644
:10584000017800290CD10121017009030648FFF7F6
:10585000F0FF22462946BDE870400448FEF77AB8BA
:1058600070BD000004020020000C0140F404002080
:1058700070B5054609480C46017800290CD1012174
:10588000017009030648FFF7D4FF22462946BDE808
:1058900070400448FEF75EB870BD000005020020AD
:1058A000000C0140AC040020184910B518488A6863
:1058B0004262CA68826201F15C025368C36301F10B
:1058C00068035C680464926842649A68826401F1C7
:1058D0003402136883605268C26001F13C021368AD
:1058E00003615268426101F144021368C362526865
:1058F000026301F14C0213684363526882638A8A2F
:10590000A0F85020098AA0F8521010BD5C010020B8
:105910000001002041EA0040014908607047000092
:10592000F800002070B5054601220021092000F092
:10593000DBF910F0FF0404D11021284600F082F8B2
:105940000446012211020448FCF7B5FC0CB1012009
:1059500070BD002070BD0000001001401FB56846FA
:10596000FFF7E0FF10B1002004B010BD9DF800105B
:105970000120B0EB911F09D19DF808209DF8091076
:1059800000EB0220084400048009EDE79DF80500C3
:105990009DF80A1000F00F0000EBD1109DF80910DF
:1059A0009DF8072001F0030100EB41019DF808007C
:1059B000800900EB82009DF8062002F0030200EB54
:1059C0008220401CC91F8840CEE700002DE9F0412D
:1059D00006461A4815460078062800D049024FF4BA
:1059E0000077012D4FF001021CD0122000F07CF94D
:1059F0003946304600F026F86D1E044606F500765E
:105A000015F0FF0501D0002CF2D0012200210C205E
:105A100000F06AF9012211020948FCF74CFC20460B
:105A2000BDE8F081112000F05FF910F0FF04F1D122
:105A30003946304600F006F80446EBE7D001002076
:105A40000010014070B50C46054600224FF48071ED
:105A50000E48FCF730FCFF2003F06EFB0646642086
:105A600001F0D8FCFE2EF6D104E000BF03F064FB89
:105A700005F8010B641EA4B24FF0FF00F6D203F04C
:105A80005BFBFF2003F058FB002070BD00100140BD
:105A900070B50C460546FF2003F04EFBFF28FAD1F7
:105AA000204603F049FBFD2C18D000244FF400766B
:105AB000285D03F041FB641CA4B2B442F8D3FF207C
:105AC00003F03AFBFF2003F037FBFF2003F034FB29
:105AD00000F01F00052801D0022070BD002070BD1D
:105AE00070B50646204815460C460078062800D0BA
:105AF0004C02012D14D0012809D0012200213720A9
:105B000000F0F2F801222946172000F0EDF80122FA
:105B10002146192000F0E8F810F0FF040BD01BE03C
:105B200001222146182000F0DFF810F0FF0413D105
:105B3000FE2130460DE0FC213046FFF7A9FF6D1E27
:105B400006F5007615F0FF0501D00028F3D0FD2101
:105B50000020FFF79DFF0446012211020348FCF7D5
:105B6000AAFB204670BD0000D001002000100140BB
:105B70002DE9F84FDFF8648138200122584E1502D4
:105B8000C8F81C0029463046FCF795FB0024FF208E
:105B900003F0D2FA641CE4B20A2CF8D30022AA461D
:105BA0002946B1463046FCF786FB10240021952299
:105BB000084600F099F8C0B2012802D0641EA4B2D1
:105BC000F4D20CB3474E0027872237704FF4D571BB
:105BD000082000F089F8C0B201281BD040F6FF75FC
:105BE0002C4601220021372000F07EF801220021FE
:105BF000292000F079F810F0FF0F02D0641EA4B243
:105C0000EFD2ECB3022052E0012251464846FCF7A5
:105C100052FB61E000246D46FF2003F08DFA285509
:105C2000641CE4B2042CF7D39DF80200012846D18D
:105C30009DF80300AA2842D14FF6FE7447070122BF
:105C40000021372000F050F801223946292000F0C9
:105C50004BF810F0FF0F02D0641EA4B2EFD274B361
:105C6000012200213A2000F03FF840BB0024FF2031
:105C700003F062FA2855641CE4B2042CF7D300E068
:105C800008E09DF80000400601D5062000E0042051
:105C9000307014E001220021104600F025F810F0C9
:105CA000FF0F02D06D1EADB2F4D20DB101203070E5
:105CB00001225102102000F017F800B137700122C4
:105CC00051464846FCF7F7FA0020C8F81C00307827
:105CD00010B10020BDE8F88F0120FBE7340300205D
:105CE00000100140D00100202DE9F0479146DFF877
:105CF000948001220D460646170239464446404626
:105D0000FCF7D9FAFF2003F017FA002239462046A3
:105D1000FCF7D1FA1424FF2003F00EFAFF2802D07A
:105D2000641EA4B2F7D2BCB146F0400003F004FAFE
:105D3000280E03F001FAC5F3074003F0FDF9C5F39F
:105D4000072003F0F9F9E8B203F0F6F9484603F04A
:105D5000F3F90C2E08D00AE0012239464046FCF740
:105D6000AAFAFF20BDE8F087FF2003F0E5F914242C
:105D7000FF2003F0E1F90106F4D5641EA4B2F7D2C6
:105D8000F0E7000000100140F8B515460E460B463E
:105D9000009204460122022100F010F840B9334677
:105DA000002280212046009500F008F8002804D049
:105DB000606D40F0200060650320F8BD2DE9F843D8
:105DC0001E46914688460446089DFCF779FA401B1A
:105DD000351AFCF775FA074625480068C0F3CB3042
:105DE000684338E0701C37D0FCF76AFAC01BA84241
:105DF00003D215B1009860B32CE02068416821F00F
:105E0000E00141606068B0F5827F0BD1A068B0F519
:105E1000004F02D0B0F5806F04D12068016821F0F6
:105E200040010160A06AB0F5005F09D120680168F7
:105E300021F4005101602068016841F400510160C3
:105E4000012084F85100002084F850000320BDE8B0
:105E5000F8830025401E00902068816838EA010020
:105E600004D000214945BDD10020F0E70121F9E728
:105E70004C0000200149C861704700003403002035
:105E8000642003F06BFBFBE7074A1368D862D0601D
:105E9000064881601168002048621168801E086110
:105EA0001046FDF76FB900008C030020E8000020C9
:105EB000074A1368D862D060064801611168002063
:105EC00048621168801E08611046FDF75BB900004A
:105ED000D4030020E4010020012202490248FDF71A
:105EE00001BD000006020020F40400200122024946
:105EF0000248FDF7F7BC000007020020AC040020B8
:105F000010B54FF0E020006904F056F9012803D0E5
:105F1000BDE8104003F0C4BC10BD30B58FB02821DF
:105F20006846FAF796F914210AA8FAF792F90121BE
:105F30000804CDE900100024029402250491CDE963
:105F400007504FF4E01009906846FCF72BFD08B1AC
:105F500072B6FEE70F20CDE90A054FF48060CDE967
:105F60000C4002210AA80E94FCF720FC002801D066
:105F700072B6FEE70FB030BD704700000148FDF774
:105F8000BEB900008C0300200148FDF7B8B900003D
:105F9000D40300200148FDF7B2B900003C05002001
:105FA0000148FDF7ACB900001C040020F0B5026800
:105FB000204C214D214E224F224B4FF0804CA042CD
:105FC00009D0984207D0604505D0A84203D0B0421E
:105FD00001D0B84204D122F0700E4A6842EA0E02A3
:105FE000A04209D0984207D0604505D0A84203D00E
:105FF000B04201D0B84203D122F44075CA682A43A6
:106000004D6922F080022A4302608A68C2620A68EF
:106010008262A04201D0984201D109690163012145
:1060200041610169C90703D0016921F001010161E2
:10603000F0BD0000002C01400004004000080040BA
:10604000000C00400034014010B5846842EA03228D
:1060500024F47F440A432243826010BD826822F008
:1060600070020A4342F007018160704710B5036A6D
:10607000046A24F001040462846924F0F00444EA10
:10608000021423F00A020A438461026210BD10B5B3
:10609000036A046A24F010040462846923F0A003F4
:1060A00024F4704444EA023243EA0111826101623D
:1060B00010BD00000149012088607047E401002004
:1060C00010B50178DF2321F01C0218320270FE2186
:1060D00041700B4922F003020978C1700179837085
:1060E00021F00F010270083121F0F0010171054A21
:1060F00000214418535C491C63710829F9DB10BD69
:10610000E0000020B00100200148FDF7E7B90000E1
:10611000AC04002010B5406A0021C185C184FDF7A0
:10612000DBF910BD01680C3151E8002F22F49072A8
:1061300041E80023002BF5D10168143151E8002F0C
:1061400022F0010241E80023002BF5D1016B012967
:1061500009D101680C3151E8002F22F0100241E80A
:106160000023002BF5D1202180F84210002101638B
:10617000704708B590F84210222901D0022008BDCE
:1061800082684FF480539A4201D1016921B1816A3A
:106190009A421BD04AB10AE00268816A5268C2F38F
:1061A00008020A80816A891C08E0026972B10268EB
:1061B000526802F07F020A70816A491C8162C18DB7
:1061C000491E0904090CC18503D01BE0026852680E
:1061D000F1E70168CA6822F02002CA600168CA6853
:1061E00022F48072CA6001684A6922F001024A61A1
:1061F000202180F8421000214163026B012A03D064
:10620000FDF77EFB002008BD016301680C3151E8F9
:10621000002F22F0100241E80023002BF5D1016885
:106220000A68D20602D50A6849680091818DFDF797
:1062300052F9E7E770B5044600680169E26821F4A5
:106240004051114301612169A06808436169084315
:106250002168CA6841F20C639A430243CA6020680D
:106260004169A26921F44071114341611E492068CE
:10627000884202D1FCF760FB01E0FCF74DFB00EB2C
:10628000C00101EB0012606864218000B2FBF0F3F2
:10629000B3FBF1F36FF018067343B2FBF0F5B2FBFA
:1062A000F0F605EB8305322303EB0515B5FBF1F59D
:1062B000B6FBF1F605F0F00505EB0615B2FBF0F6BE
:1062C000B2FBF0F0B0FBF1F06FF01802504306EBB8
:1062D000800003EB0010B0FBF1F0216800F00F002C
:1062E0002844886070BD00000038014081628285CA
:1062F000C28500214164222180F84210016921B148
:106300000168CA6842F48072CA6001684A6942F052
:1063100001024A610068C16841F02001C1600020AB
:10632000704700000148FDF7D9B80000F4040020D0
:106330000148FBF707BB00000C02002010B5FFF777
:1063400017FC002809D03820FFF794FDFF2002F049
:10635000F3FE0020FFF78EFD012010BD70B514463E
:1063600041B1012924D002291BD003291CD00424C7
:10637000204670BD104E4FF48075002229463046ED
:10638000FBF799FF142001F045F8FF2002F0D4FE3E
:10639000FF28F7D10024012229463046FBF78BFF66
:1063A000E6E74FF4007000E0082010800024DFE7EB
:1063B000FFF7D4FA2060F9E70010014070B51446E9
:1063C0000D4603B108B1042070BDDAB2214628465B
:1063D000FFF7FCFA0028F7D0012070BD002804D098
:1063E000012803D0022801D0012070470020704707
:1063F00070B514460D460BB148B901E0042070BDDC
:10640000DAB221462846FFF76BFB0028F7D00120BF
:1064100070BDFEE770B5084D4FF0FF31286803F0FE
:106420007DFD064800231A46448B1946286803F070
:106430002DFB204670BD00007401002000010020EB
:1064400070B5084D4FF0FF31286803F067FD06482E
:1064500000231A46C48B1946286803F017FB204610
:1064600070BD0000740100200001002070B5084DCF
:106470004FF0FF31286803F051FD064800231A460B
:10648000446A1946286803F001FB204670BD0000ED
:10649000740100200001002070B5084D4FF0FF315D
:1064A000286803F03BFD064800231A46846A194613
:1064B000286803F0EBFA204670BD0000740100204C
:1064C0000001002070B5084D4FF0FF31286803F03F
:1064D00025FD064800231A46C46B1946286803F0B8
:1064E000D5FA204670BD0000740100200001002094
:1064F00070B5084D4FF0FF31286803F00FFD0648D6
:1065000000231A46446C1946286803F0BFFA204657
:1065100070BD0000740100200001002070B5084D1E
:106520004FF0FF31286803F0F9FC064800231A46B3
:10653000B0F850401946286803F0A8FA204670BD0C
:10654000740100200001002070B5084D4FF0FF31AC
:10655000286803F0E3FC064800231A46B0F85240CE
:106560001946286803F092FA204670BD7401002095
:10657000000100202DE9F0410D4C0E4607469846DB
:1065800015464FF0FF31206803F0C8FC094800238E
:106590001A4681683960C1683160C16A2960016B3F
:1065A000C8F800102068BDE8F041194603F06EBA43
:1065B00074010020000100202DE9F0410D4C0E4631
:1065C0000746984615464FF0FF31206803F0A6FCB9
:1065D000094800231A460169396041693160416BFD
:1065E0002960816BC8F800102068BDE8F0411946A9
:1065F00003F04CBA74010020000100202DE9F041A5
:106600000B4C0E460746984615464FF0FF31206862
:1066100003F084FC074800231A46C0E90B58C0E980
:1066200002762068BDE8F041194603F02FBA000059
:1066300074010020000100202DE9F0410B4C0E46B2
:106640000746984615464FF0FF31206803F066FC78
:10665000074800231A46C0E90D58C0E904762068AF
:10666000BDE8F041194603F011BA000074010020A2
:10667000000100202DE9F0410A4C0F460646154660
:106680004FF0FF31206803F049FC074800231A4609
:10669000C0E9006705832068BDE8F041194603F0B2
:1066A000F5B90000740100200001002070B5084C0D
:1066B00005464FF0FF31206803F030FC0548002309
:1066C0001A4645832068BDE87040194603F0DEB9DC
:1066D000740100200001002070B5084C05464FF001
:1066E000FF31206803F01AFC054800231A46C583D1
:1066F0002068BDE87040194603F0C8B97401002055
:106700000001002070B5094C05464FF0FF312068AC
:1067100003F004FC064800231A46A0F850502068F5
:10672000BDE87040194603F0B1B9000074010020C3
:10673000000100200FB41CB50246002007AC002960
:106740000BD0491ECDE90021054B6A46214606982B
:1067500000F0EEF8009A002111701CBC5DF814FBEB
:106760005F7000080907090E002804DB00F1E02033
:1067700080F80014704700F00F0000F1E02080F86E
:10678000141D7047004870470802002002E008C846
:10679000121F08C1002AFAD170477047002001E09B
:1067A00001C1121F002AFBD1704700002DE9FF5FD5
:1067B00082B00021DDE90430020DDDF840B0034372
:1067C00018D044F61050A2F2FF324243151411982B
:1067D00001281FD0A5EB0B00401C5FEA000A4FF018
:1067E00000064E4FDFF83891B046504615D5CAF135
:1067F000000413E0119801244AA3012801D16FEA93
:106800000B010298119AC0E90031C0E9024206B0BA
:10681000BDE8F09FCBF10000DFE704460021404ACD
:10682000491842EB0450CDE9001012E0E00707D010
:1068300032463B4640464946F9F742FF8046894684
:1068400032463B4610461946F9F73AFF06460F46D0
:106850006410002CEAD1DDE90401DDE90023BAF17E
:10686000000F06DAF9F72CFF42464B46F9F728FFEE
:1068700005E0FAF749F942464B46FAF745F904466E
:106880000E460022284BFAF7C7F903D84FF0FF3025
:10689000014607E00022254B20463146F9F769FE04
:1068A000FAF7A1F9102409E0002C0ADB0A220023E0
:1068B000F9F7D8FF039B30321A55641E50EA0102E3
:1068C000F2D1641C039AC4F111031444119A012AF1
:1068D00003D0012208430DD10AE0084304D0002070
:1068E0004FF0110B119072E7A3EB0B056D1E0DE03D
:1068F0005B4504DD4FF0000205F1010504E003DA19
:106900004FF00002A5F10105002AECD00298119980
:10691000C0E90231C0E9004579E7000000001440F9
:106920000000F03F300000000000F0430000E03FB6
:106930002DE9FF4F95B09B468946064600250FE29C
:10694000252877D100242746F84A0121059400E044
:10695000044316F8013F203B01FA03F01042F7D13F
:1069600030782A2811D06FF02F033078A0F1300250
:10697000092A16D8059A44F0020402EB820203EBBE
:1069800042021044761C0590EFE759F8042B05925B
:10699000002A03DA504244F40054059044F0020403
:1069A000761C30782E2816D116F8010F44F0040416
:1069B0002A280DD06FF02F023078A0F13003092B78
:1069C00009D807EB870302EB4303C718761CF3E7EC
:1069D00059F8047B761C30786C280FD006DC4C28E4
:1069E00017D068280DD06A2814D104E0742810D07C
:1069F0007A280FD10DE044F400140AE044F4801426
:106A000001E044F440147278824202D104F580140B
:106A1000761C761C307866280BD013DC582877D08B
:106A200009DC002875D04528F6D04628F4D0472840
:106A30001AD19DE118E0632835D0642879D0652803
:106A400012D195E1702873D008DC6728F1D069284D
:106A50006FD06E280DD06F2806D1B5E073282CD0EA
:106A6000752875D0782874D05A46179990476D1CB0
:106A700075E1C4F30250022809D003280DD0D9F8DB
:106A8000001004280DD00D6009F1040967E1D9F860
:106A90000010EA17C1E90052F6E7D9F800100D809E
:106AA000F2E70D70F0E719F8041B8DF800100020D4
:106AB0008DF80100EA46012003E059F804AB4FF0DD
:106AC000FF3061074FF0000102D40DE008F1010131
:106AD0008846B9420FDA8045F8DB1AF80810002919
:106AE000F4D108E008F1010188468142FADB1AF886
:106AF00008100029F6D105985B46A0EB080721464F
:106B00003846179A00F094FA284400EB080507E08D
:106B10004DE029E10DE01AF8010B5A46179990470C
:106B2000B8F10108F7D25B4621463846179A13E1BF
:106B300042E00A220092C4F302524FF0000A022AF5
:106B400008D059F804CB032A4FEAEC710AD00DE0C3
:106B500029E02AE009F1070121F00702F2E802C169
:106B6000914609E00FFA8CFC4FEAEC71042A03D13C
:106B70004FFA8CFC4FEAEC71002907DA0A46002133
:106B8000DCF1000C61EB02012D2202E0220504D5AC
:106B90002B228DF80420012203E0E20701D02022FD
:106BA000F7E7904659E00A2102E010220DE010219B
:106BB0004FF0000A00910BE010224FF0000A44F061
:106BC00004040827009203E008224FF0000A009214
:106BD000C4F30252022A05D059F804CB0021032A3B
:106BE00008D009E009F1070121F00702F2E802C12B
:106BF000914605E01FFA8CFC042A01D10CF0FF0C31
:106C00004FF00008220728D5702806D0009B83F09B
:106C1000100353EA0A0305D00EE040228DF8042049
:106C2000012208E05CEA010206D030228DF804203F
:106C30008DF8050002229046009B83F0080353EA7A
:106C40000A030AD15CEA010201D1620705D53022AC
:106C50008DF804204FF001087F1E582804D034A07E
:106C600003900EA802900DE036A0F9E75346604667
:106C7000009AF9F7F7FD84460398825C0298401E5B
:106C8000029002705CEA0100F0D1029806A9081A8D
:106C900000F1200A600702D524F4803400E00127C7
:106CA000574502DDA7EB0A0000E0002000EB0A01D7
:106CB000009005984144401A0590E00306D45B46D5
:106CC0002146179A059800F0B3F90544002706E01D
:106CD00001A85A46C05D179990476D1C7F1C474517
:106CE000F6DBE0030CD55B462146179A059800F0C9
:106CF0009FF9054404E030205A46179990476D1CCF
:106D00000099481E00900029F5DC08E002980299DD
:106D10005A460078491C0291179990476D1CBAF1A8
:106D20000001AAF1010AF1DC65E100000928010077
:106D300030313233343536373839616263646566F1
:106D400000000000303132333435363738394142B3
:106D5000434445460000000000F058F90544761C05
:106D6000307800287FF4ECAD19B02846BDE8F08FEC
:106D7000620700D4062709F1070222F0070CFCE89D
:106D80000223E14603F000485FEA080C02D00FF24C
:106D9000702C0DE05FEA045C02D50FF2682C07E06E
:106DA0005FEAC47C02D00FF2602C01E0AFF2700CFD
:106DB0004FF0FF3823F00043CDF850C065280CD0C9
:106DC00006DC452809D046281DD047283DD13DE0A6
:106DD000662818D067287ED138E00021112F01DB0A
:106DE000112000E0781CCDE9000106A90EA8FFF7EC
:106DF000DDFCDDE90F010E9A03910021009207F1FD
:106E0000010A04914DE04FF000400097CDE90110D8
:106E100006A90EA8FFF7CAFCDDE90F0203920E9B3C
:106E200011990022DDF80CA00093049211B9791C8D
:106E300000EB010AB7EB0A0004D4C0F1FF3007F100
:106E4000010A0490AAEB0700019044E0012F00DA48
:106E500001270021112F01DD112000E03846CDE986
:106E6000000106A90EA8FFF7A1FCDDE90F010E9AAB
:106E70000391002104910092BA4621070CD4039992
:106E8000514500DA8A46BAF1010F05DD009AAAF1F0
:106E90000101515C302908D0B84202DA10F1040F28
:106EA00006DA0121CDE9011015E0AAF10101E9E7B7
:106EB000002805DC049901440491AAEB000102E0DA
:106EC000411C514500DD8A460499401A401C01903E
:106ED0004FF000400290200704D40198504501DB98
:106EE000CDF8048000208DF84F0002980DF14F0777
:106EF000B0F1004F25D02B200E9002984FF00208E1
:106F000000280CDA404202902D200E9007E00A2162
:106F10000298F9F791FC3031029007F8011DB8F1A1
:106F20000001A8F10108F2DC02980028EFD1791ED7
:106F30000E980870307800F0200040F0450007F807
:106F4000020D12A8C01B00F107081498007800B1C8
:106F5000012000EB0A01019801EBE0710598414422
:106F6000401A401E0590E00306D45B462146179A5E
:106F7000059800F05DF805441498007818B15A4659
:106F8000179990476D1CE00324D55B462146179A5C
:106F9000059800F04DF805441CE00498002807DB34
:106FA000DDE90301884203DD0098405C179901E0A8
:106FB000179930205A469047049805F10105401C66
:106FC00004900198401E019004D12E205A46179932
:106FD00090476D1CBAF10001AAF1010ADDDC05E061
:106FE00017F8010B5A46179990476D1CB8F100012C
:106FF000A8F10108F4DC5B462146179A0598ABE638
:107000002D0000002B000000200000002DE9F041C1
:10701000044600251E461746880404D405E0394678
:107020002020B0476D1C641EF9D52846BDE8F081CC
:107030002DE9F041044600251E469046C80301D5BF
:10704000302700E02027880404D505E04146384673
:10705000B0476D1C641EF9D52846BDE8F0814A682A
:10706000002A06D00A68531C0B6010704868401E46
:10707000486070472DE9F047184F06464FF47A658F
:10708000386A4FF40008DFF85890DFF858A02C4613
:1070900040450BDB4946F9F7FCF91349F9F72BFAA0
:1070A0005146F9F79EF9F9F78BFB85B2786A4045AE
:1070B0000BDB4946F9F7EDF90C49F9F71CFA514693
:1070C000F9F78FF9F9F77CFB84B2280A30707570F4
:1070D000200AB070F470BDE8F08700005C01002069
:1070E00000007A4600007A4500401C450000C84177
:1070F00010B50446002084F80402401EC4F8300293
:10710000204601F0D9F808B1032010BDB4F8FE0103
:10711000A0F52A41553901D0022010BD94F836005F
:10712000B4F8371040EA01210848B0EB012F08D02D
:1071300094F85210B4F8532041EA0221B0EB012F29
:1071400001D1002010BD012010BD000000464154B7
:10715000F0B50022184B144602EB420653F82650B5
:1071600085B1D0F80072BD420DD103EB8605D0F891
:1071700008626F68B74206D12D89B0F80662B54241
:1071800004D000E00124521C022AE5D3022A01D0D7
:1071900079B904E05CB9022909D01220F0BD02EBF4
:1071A000420003EB80004089B0F5807F01D00020D1
:1071B000F0BD1020F0BD0000A805002030B5002172
:1071C000064A0C4601EB410352F82350854201D197
:1071D00042F82340491C0229F4D330BDA805002001
:1071E000D0F82422D0F80002490A90F80202B1FB3C
:1071F000F0F0121D02CA19B1884203D3401AF8E711
:1072000000207047116808447047D0F81822891E82
:10721000921E8A4201D800207047D0F82C2290F8A4
:10722000020201FB002070472DE9F0410F000546E6
:1072300006D000F0B3FE02280BD20120BDE8F08199
:10724000D5F810621EB1D5F81802B04208D8012650
:1072500006E0411CF2D0D5F818128142EED83E4625
:107260003446D5F81802641CA04202D80224022E2B
:107270000AD32146284600F091FE38B1411CDDD0EA
:107280000128DBD0B442ECD10020D7E76FF0704288
:107290002146284601F057FD30B957B122463946FC
:1072A000284601F050FD20B1012812D001242046CB
:1072B000C4E7C5F81042D5F81402411CF7D0401EAF
:1072C000C5F8140295F8050240F0010085F80502A2
:1072D000EDE74FF0FF34EAE72DE9F04789460C6807
:1072E00000E0641C21782F29FBD05C29F9D0D0F86C
:1072F00018520B222021284600F0D7FF002001461B
:107300000B460826E25C5B1C202A35D92F2A33D095
:107310005C2A31D02E2A01D0B04208D3082E38D1B1
:107320002E2A36D108200B268906090EEAE7802A84
:1073300005D3244F41F003013A4412F8802C22A7D0
:1073400000E07F1C97F800C0BCF1000F02D094450C
:10735000F7D11EE0A2F14107192F02D841F0020136
:1073600007E0A2F16107192F03D8203A41F001018B
:10737000D2B22A54401CC5E71C44C9F80040202A58
:1073800001D8042200E0002218B12878E52803D0B3
:1073900004E00620BDE8F08705202870082E01D102
:1073A0008806010E01F00300012801D142F010020D
:1073B000C1F38100012801D142F00802EA720020E5
:1073C000E8E70000AEA60008222A2B2C3A3B3C3D01
:1073D0003E3F5B5D7C7F0000401E022815D20C4BB7
:1073E00000EB400203EB82014889B0F5807F05D0B5
:1073F00008B1401E80B2488110B104E00020FAE7D5
:10740000002043F82200002070470220704700004F
:10741000A805002042F6DF6303E01946491E89B241
:10742000FCD2401E80B2F8D2704700002DE9F04136
:10743000B0F806620446761C30040F46000C37D0C4
:10744000D4F8100298B3310773D1401CC4F810026D
:10745000D4F80C12D4F8000231B190F80222521E76
:1074600012EA161F05D064E0B0F80802B0421FD936
:107470005FE000F093FD054601281ED9681C3AD054
:10748000D4F80002D0F81812A94249D87FB1D4F834
:107490000C12FFF7C9FE05000DD0012D0DD0681CA0
:1074A00029D0D4F8000201F0BAFE20BB07E0FFE7C4
:1074B0000420BDE8F0810720FBE70220F9E74FF444
:1074C00000720021D4F8000200F0EFFE2946D4F843
:1074D0000002FFF79AFED4F8001200274FF00108CF
:1074E000C1F8300211E000BF80F80482D4F8000235
:1074F00001F095FE08B10120DBE7D4F80002D0F8D6
:107500003012491C7F1CC0F83012D4F8000290F8E9
:107510000212B942E8D8D0F83012C91BC0F83012B4
:10752000C4F80C522946D4F80002FFF76EFEC4F8E6
:107530001002A4F80662D4F8000206F00F0100EB76
:107540004110C4F814020020B3E770B504460021CE
:1075500000F036F810E0D4F81012D4F8000200F071
:10756000ABFE58B9D4F814020078E52809D040B130
:1075700001212046FFF75AFF0028ECD0042809D04B
:1075800009E0D4F81012D4F8000200F095FE0500CE
:1075900003D013E00720054610E0D4F8140220229F
:1075A000002104F5007400F080FED4E905010B22EF
:1075B00000F072FE2168012081F80402284670BDA7
:1075C00070B5A0F80612D0F808320D460446012B1B
:1075D00040D0D4F80002D0F8181299423AD933B901
:1075E00090F80012032906D1D0F828321BB190F888
:1075F0000202060114E0B0F80812A9422AD9D0F814
:10760000280214E000F0CAFC0346401C20D0022BE4
:1076100020D3D4F80002D0F8180298421AD9AD1B32
:10762000D4F80002B5421946ECD2FFF7EEFDC4F8DB
:107630000C3278B100EB1510C4F81002D4F8000237
:1076400005F00F0100EB4110C4F81402002070BDDA
:10765000012070BD022070BD084910B50B5C0022EE
:1076600053B901220A540A1801EB8000127A4068CB
:107670000168104688470246104610BDC00500202C
:1076800030B4054C231804EB80001B7A4068046971
:107690001846A44630BC6047C005002030B4054DF4
:1076A0002C1805EB8000247A406885682046AC469B
:1076B00030BC6047C0050020044A111802EB80006E
:1076C000097A40684268084610470000C00500205B
:1076D00030B4054D2C1805EB8000247A4068C5684D
:1076E0002046AC4630BC6047C005002070B505465A
:1076F00000F03BFA040012D1284602F05DF80400C5
:107700000DD1D5F80062D5F82802FFF765FE040018
:1077100001D1C5F800020021304601F0B0FD20463D
:1077200070BD2DE9FC4100259046074604464E1EDB
:1077300011E001AB01226946404600F02DF90198A5
:1077400001280AD19DF800000D2804D06D1C04F812
:10775000010B0A2801D0B542EBDB0020207015B1E7
:107760003846BDE8FC810020FBE700002DE9F74129
:1077700081B0904602980090684600F072FC0400C8
:1077800003D50B2004B0BDE8F081184E002756F851
:1077900024504DB12846FFF711FDD5F80C0200F03A
:1077A00059FAA0B185F80072019939B181F80072D7
:1077B000E0B201F5037100F041FA40B1019846F8DA
:1077C000240010B1B8F1010F03D00020DAE7022045
:1077D000D8E7002202A901A800F04EFA04460146AB
:1077E000019801F04CFD2046CCE700005400002039
:1077F0002DE9F747ADF50B7D06000ED04FF00008E0
:1078000002F01F0727F001028CA980A8C6F80082A9
:1078100000F032FA040005D0B4E009200DF50E7D29
:10782000BDE8F08788A8869068468C9900F056FBE2
:10783000859D04000BD11DB1780803D0012102E021
:10784000062404E000216846FFF782FC044617F096
:107850001C0F5FD04FF0010AD4B1042C13D10020CB
:107860004C4902E0401C022805D200EB400251F8CE
:107870002220002AF6D1022804D06846FFF765FED0
:10788000044600E01224859D47F0080754B179E0D2
:10789000E87A10F0110F01D0072473E0780701D5C2
:1078A00008246FE0380743D500F0D9FBA873010A1C
:1078B000E973010C2974000E687485F80B8085F853
:1078C0001C8085F81D8085F81E8085F81F8029465C
:1078D000809800F0A3FC81460021284601F03CFC82
:1078E0008099B9F1000F81F804A21FD08098494611
:1078F000D0F830A201F0E8FB040043D18099A9F14F
:107900000100C1F810025146809800F0D5FC040037
:107910000AD037E0B4BBE87AC10601D5042431E0CF
:10792000B90701D5C007B7D1380701D547F02007FF
:107930008098D0F83002C6E98705780801D0012187
:1079400000E00021684600F019FCC6F82802F8B1F2
:1079500086F8067286F807824746294606F50076BD
:10796000809800F05BFC3061287FD5F81D1040EA5C
:107970000120C6E90270B761776280983060B0F884
:107980000602B0802146809801F079FC204645E748
:107990000224F7E7A80500202DE9F84F88460021CA
:1079A000994615460446196001F006FF060007D007
:1079B0003146D4F8000201F062FC3046BDE8F88F91
:1079C00094F8071231B1D4F8000201F058FC94F891
:1079D0000702F3E794F80602C00709D0D4E9821041
:1079E000401A01274FF0020A854200D90546B2E04D
:1079F0000721D4F8000201F042FC0720DEE700BFB7
:107A0000D4F80812C8057CD1D4F8000290F80222FC
:107A1000521E02EA512212F0FF0614D131B1D4F8FD
:107A2000242232B12046FFF7DBFB06E0D4F8100237
:107A300003E0D4F8141200F0B1FA022823D3411C59
:107A400063D0C4F81402D4F81412D4F80002FFF77B
:107A5000DCFBC0B130440090680A5FEA000B2FD015
:107A6000D4F8001206EB0B0291F80202824201D90F
:107A7000A0EB060B91F801025B464146009AFFF726
:107A80000DFEE8BB08E084F807A20221D4F800024A
:107A900001F0F5FB022091E794F8060240060CD5B0
:107AA000D4F818120098081A584506D208EB40205E
:107AB0004FF40072214600F0EFFB4FEA4B263EE008
:107AC000D4F818220098824228D094F80602400682
:107AD0000ED5D4F800020123214690F80102FFF7E9
:107AE000F7FD68B994F8060220F0400084F8060219
:107AF000D4F800020123214690F80102009A01E027
:107B000003E00EE0FFF7CAFD40B184F807720121DF
:107B1000D4F8000201F0B3FB01204FE70098C4F84D
:107B20001802B4F80802C0F30800C0F50076AE42AF
:107B300000D92E4601193246404600F0ADFBD4F87C
:107B40000802B0443044C4F80802D9F80000811992
:107B5000AD1BC9F80010002D7FF452AF0021D4F8FE
:107B6000000201F08CFB002028E770B5044601F00C
:107B700023FE05005BD194F80602810657D5400626
:107B800017D5D4F800020123214690F80102D4F859
:107B90001822FFF79DFD30B10121D4F8000201F059
:107BA0006EFB012070BD94F8060220F0400084F8BE
:107BB0000602D4F81C12D4F8000200F07DFB050088
:107BC00035D1D4F82052E87A40F02000E87294F8D9
:107BD0000C022877B4F80C02000A6877D4F80C027B
:107BE000000CA877D4F80C02000EE877D4F8101235
:107BF000284604F5007401F0AFFA00F030FAA875D9
:107C0000010AE975010C2976000E68760020A87437
:107C1000E874A07920F02000A0712168012081F88B
:107C200004022068A4F5007401F09EFA0546294676
:107C3000D4F8000201F023FB284670BD10B50C46B5
:107C400001210022084600F0C4FB2060002800D07B
:107C5000012010BD10B500F0A7FB012010BD00F001
:107C600005BC10B500244FF47A7100F06FFB00B929
:107C70000124204610BD00002DE9FF474FF0000908
:107C80000746C0F800901646084600F0EAF90500DD
:107C900003D50B2004B0BDE8F0878D4850F825408F
:107CA000C4B1204600F0C4FAB0B13C6094F80002C0
:107CB00028B194F80102FFF7FFFCC1070ED084F849
:107CC0000092E8B284F80102FFF7C6FCC1070AD0AF
:107CD0000320DFE70C20DDE70F20DBE70EB14007D4
:107CE00004D40020D6E71EB1400701D50A20D1E711
:107CF000002529462046FFF7FBF9012823D1002063
:107D00004FEA0D0704EB001191F8C22101F5DF7174
:107D10002AB10A7AD1F8091042EA012100E00021D3
:107D200047F82010401C0428ECD3002657F82650B2
:107D30002DB129462046FFF7DBF908B909E00220FA
:107D4000761C042EF2D3032801D0E0BB01E0012011
:107D5000A0E7B4F80B00B0F5007F60D1E28A2AB941
:107D600094F82400D4F8251040EA0122C4F81C221B
:107D7000217C84F80312012901D002294FD1607BB4
:107D8000514384F80202F0B1431E184247D1B4F8BF
:107D90001130A4F808321E0741D1B4F813602EB98F
:107DA00094F82060D4F8217046EA0726B4F80EC093
:107DB000BCF1000F33D00CEB010707EB1317BE42E9
:107DC0002DD3F61B00E02AE0B6FBF0F038B3012615
:107DD00040F6F678404500D302264FF6F678404547
:107DE00000D30326801C2F44C4F82C72AC44C4F882
:107DF0001802C4E9885C032E13D083B16144C4F82F
:107E00002812022E19D000F0010100EB400001EB16
:107E1000500000BF00F2FF10B2EB502F0FD20D2028
:107E200038E7002BFBD194F82C10D4F82D308000CB
:107E300041EA0321C4F82812ECE74000EAE74FF0DA
:107E4000FF30C4F81402C4F81002802084F8050240
:107E5000032E30D1208E01282DD12046691C00F040
:107E60002BFA40BB84F80592B4F8FE01A0F52A4134
:107E7000553920D12078D4F8011040EA0120154965
:107E8000884218D194F8E401D4F8E51140EA0120C1
:107E9000114988420FD194F8E801D4F8E91140EA79
:107EA0000120C4F8140294F8EC01D4F8ED1140EA72
:107EB0000120C4F81002064984F80062091F0888EE
:107EC000401C0880A4F806022046FFF777F908E76F
:107ED00054000020525261417272416173B50446F0
:107EE000019908782F2801D05C2801D1491C019103
:107EF0000025C4F8085201980078202806D20021F5
:107F00002046FFF75DFBC4F814527CBD01A9204652
:107F1000FFF7E2F90028F8D100212046FFF750FBD7
:107F200020BB00BFD4F81012D4F8000200F0C4F94E
:107F3000E0B9D4F814120A7832B1CA7A12070FD411
:107F40000A23D4F8182203E004200FE05B1E06D3B6
:107F500011F8015B12F8016BAD1BF7D000E02DB1F9
:107F600000212046FFF762FA0028DBD0D4F818126F
:107F7000C97A28B10428C8D14907C6D405207CBDD8
:107F80004907FCD4D4F81412C87AC006F6D5D4F840
:107F9000000200F043F9C4F80802B7E72DE9F04108
:107FA0000D46044602290DD3D4F81802A84209D977
:107FB00094F800024FF0FF36012807D002282AD09B
:107FC000032836D001263046BDE8F081D4F82402DB
:107FD00005EB550700EB5721204600F06DF900280E
:107FE000F1D1C7F308007F1C14F80080D4F82402F4
:107FF00000EB5721204600F05FF90028E3D1C7F3DA
:108000000800215C48EA0120E90701D00609DAE707
:10801000C0F30B06D7E7D4F8240200EB1521204665
:1080200000F04AF90028CED1E8B204EB40000688FF
:10803000C9E7D4F8240200EBD511204600F03CF942
:108040000028C0D140F2FF1000EA850020440178EA
:10805000D0F8010041EA002020F07046B3E700208C
:10806000704710B504464FF0FF302268002A13D045
:10807000114600E0491C0B78212B0ED33A2BF9D185
:1080800012F8013B303B0A2B06D28A4204D1002B66
:1080900002D1491C1846216010BD002010BD00000F
:1080A00038B5174917A000F057FF0024184B00946B
:1080B00040B118A21E210020FDF792FABDE8384019
:1080C000FDF790BB18A21E210020FDF789FA0C488D
:1080D0001A491B4B42680A600178197019494A60B5
:1080E000007A012802D0022805D101E0CC6002E02C
:1080F0004FF40050C8601348FBF726FBDEE7000092
:10810000D8010020636F6E6669672E747874000072
:108110007CAF000872656164206661696C656420EB
:1081200020202020200000007265616420737563A8
:10813000636565642020202020200000EC000020E2
:10814000E8000020F4040020F8B50746002015469A
:108150000E46107004460AE03B5D06A20321684605
:10816000FEF7E8FA69462846F8F77EF8641CB44240
:10817000F2D3F8BD2530325800000000F0B50346B8
:10818000254AD3F80042002000EB400552F8256054
:10819000A6420BD102EB8505D3F808626F68B7429F
:1081A00004D12D89B3F80662B54202D0401C0228E2
:1081B000EAD302281AD1002002E0401C022805D28E
:1081C00000EB400552F82550002DF6D1022815D0BD
:1081D00000EB400542F8254002EB8504D3F8086225
:1081E0006660B3F80632238100236381002900EB27
:1081F000400102EB8101498902D019B10020F0BD94
:10820000491C01E04FF4807100EB400302EB830254
:10821000401C5181F0BD0000A80500200246488B9B
:1082200092F80022032A02D1898A40EA014070476D
:10823000D0F80C02FFF715BDFAF7F6F9FDF76DFE61
:10824000FCF7F6FBFCF7D8FDFCF776FBFCF78AFCA5
:10825000FCF7A8FCFCF798FDFCF7B2FDFCF78EFBE1
:10826000FCF708FDFCF76CFDFCF7BCFCFCF7DEFC42
:10827000FCF732FD0648FAF7BBFF0648FAF782FF23
:1082800000F036F8FCF788FB00F044F8FEE7000049
:108290008C0300201C04002004E000BF11F8013B07
:1082A00000F8013B521EF9D27047C9B201E000F854
:1082B000011B521EFBD2704770B50546D0F8300244
:1082C0000C460026A04210D0284600F0A8FF060069
:1082D0000BD195F80102012322462946FFF7DEF96A
:1082E00008B1741E0126C5F83042304670BD00004A
:1082F000EFF3058010B16FF0050070470448016886
:1083000011B14FF0FF30704701210160002070472C
:10831000A800002010B5EFF3058010B16FF0050044
:1083200010BD08480168012902D04FF0FF3010BD90
:10833000054A002182F8141D0221016001F0BEF9F6
:10834000002010BDA80000200BE000E0F8B50D46AD
:108350000024211F4E1C002804D000BFEFF305822B
:10836000A2B10DB10C461BE000216A46009101F05C
:1083700087FD012813D1009890B10A494FF0805031
:108380000860BFF34F8FBFF36F8F09E0294601F0FC
:10839000C5FD012804D015B16FF0010400E034469A
:1083A0002046F8BD04ED00E070B50546EFF305800A
:1083B00010B16FF0050407E045B1284601F098F8C8
:1083C0000024284601F07CF8204670BD6FF00304BD
:1083D000FAE7F8B5144603460E464FF00005EFF3F2
:1083E000058098BB93B39E423DD84CB1A06800284D
:1083F000E06803D0502836D3012002E008B132E013
:108400000020012B05D010B31846A26801F07BFABA
:1084100020E040B103200090002211460120A36813
:1084200001F0BDFA04E003220021012001F096FAD8
:10843000050018D086B100231A46194601F026FB24
:10844000012809D0284601F03BF800250BE018462A
:1084500001F03CFA050006D00CB1216800E00021D3
:10846000284601F019F82846F8BD000038B5002468
:10847000E51E00280BD000BFEFF30581A9B1002154
:108480000091694601F011FC012815D102E06FF05E
:10849000030412E0009880B109494FF08050086051
:1084A000BFF34F8FBFF36F8F07E000231A461946C3
:1084B00001F0ECFA012800D02C46204638BD00001F
:1084C00004ED00E02DE9FF414FEA01034FF0000504
:1084D000EFF30581039549BB40B3802718210024A1
:1084E0004AB3166806B1344696691EB13146761E07
:1084F000382E02D21679F60703D0002004B0BDE86A
:10850000F081566906B1B708D2F808C0BCF1000F77
:108510000DD0D5685C2D18D312693AB136B18DE80B
:1085200006103A46214601F01CFE03900DE0D66885
:108530005EB912694AB903AACDE90012BAB221465E
:1085400001F0E2FD012800D003950398D6E7000072
:108550002DE9F041134C0F460546E6682068001DE2
:1085600000F09CFE681C07D137B12168BDE8F041DE
:108570000D48091D00F0E2BE20683544B542456053
:10858000216805D2A06BBDE8F041091D00F0BEBE18
:10859000606B091D00F0BAFEA06A854200D2A56298
:1085A000BDE8F08158000020BC0A00202DE9F04110
:1085B000054600F0CFFE2D4CA068401CA06020684E
:1085C0002B4F10B1606930B32BE02560A068012803
:1085D00027D1002606EB860007EB800000F088FE1E
:1085E000761C382EF6D3234800F082FE2148143042
:1085F00000F07EFE1F48283000F07AFE1D483C3017
:1086000000F076FE1B48503000F072FE194860639F
:108610001430A06305E02068E96AC06A884200D887
:108620002560606A401C60626864E86A216988426B
:1086300000D9206100EB800007EB8000291D00F0CD
:108640007DFE00F0A7FE606900280CD02068E96A72
:10865000C06A884207D208494FF080500860BFF3D3
:108660004F8FBFF36F8FBDE8F081000058000020EE
:108670000C0600206C0A002004ED00E038B500F084
:1086800069FE104C2068C8B90F4800F031FE0E4852
:10869000143000F02DFE0C48E060143020610A4BCD
:1086A0000020F03B009003F1500210210A2001F05D
:1086B00076F9206010B105A100F0EEFEBDE838406B
:1086C00000F068BE94000020C00B0020546D725171
:1086D0000000000030B4026C0B46002A0BD0C168C9
:1086E0001144C1608468A14201D30168C16030BCFB
:1086F0001846F7F795BD30BC70472DE9F041856B02
:10870000174604460026026C82B1C7B1E068F7F74D
:1087100087FDE168206C091AE1602268914202D26B
:10872000A168081AE060022F16D017E02068A8B9E7
:10873000A06801F0B9FD06460020A0600EE0606868
:10874000F7F76EFD216C606808446060A16888429C
:1087500004D32068606001E005B16D1E6D1CA56347
:108760003046BDE8F08110B5044690F8590058B184
:1087700001280CD002280FD0502080F31188BFF3BD
:108780004F8FBFF36F8FFEE7206B00F017FE204680
:10879000BDE8104000F012BE10BD00000F4845F6C5
:1087A000C051420705D0C01D0C4A20F00700821AB4
:1087B000891A0B4A00230144C2E900030839183A18
:1087C00021F0070111604B600B600B1AC0E9001328
:1087D00093604FF00040536050617047A01E00202E
:1087E000C4000020144E154CA6F29C474FF0805850
:1087F000DFF84C9012E000BF00F0ACFDF068C568F7
:10880000281D00F04BFDA068401EA0606068401E5F
:10881000606000F0BFFD2846FFF7A5FF60680028F4
:10882000EAD138680128F9D9C9F80080BFF34F8F21
:10883000BFF36F8FF2E70000A80A00205800002065
:1088400004ED00E0002807D00021816001600B46A4
:108850000A46C16001F01AB97047000070B51D46A4
:10886000049C51B1C4F80020C4E90F010121204645
:1088700001F0C8F884F84C5070BD2460F4E70000A3
:108880002DE9F05F8846DDE90B941546834691009B
:108890009A460A9EA522206BF7F7D4FC6FF00301DD
:1088A000206B01EB8501084420F00707780707D00B
:1088B000502080F31188BFF34F8FBFF36F8FFEE717
:1088C0000025B8F1000F0FD05FF00000221818F853
:1088D000001082F8341018F8001011B1401C102854
:1088E000F4D384F8435001E084F83450382E00D398
:1088F0003726E662C4E91365201D00F004FD04F18B
:10890000180000F000FD2461C6F138006462A06127
:10891000656584F8585052465946384600F00AFBBF
:108920002060B9F1000F01D0C9F80040BDE8F09F08
:108930002DE9F0471E46DDE9089417460D008046F4
:1089400015D0002C11D0FFF799FE04F11801C4F8DE
:10895000008081E86002201D00F0D5FC002F04D0CB
:1089600014F8280F40F004002070BDE8F087502074
:1089700080F31188BFF34F8FBFF36F8FFEE70000C6
:1089800030B5114900E011460A688242FBD34B68BA
:108990005C18844203D14068184448600846436824
:1089A0001C18944209D1084C183C2468A24209D0F2
:1089B00052681A4442600A6812680260814200D01C
:1089C000086030BD0460F9E7C400002070B50024E1
:1089D00041600B4D0061914206D8D11A82699142E3
:1089E00006D2011D286907E09A4203D2994201D3B9
:1089F000012403E0011DE86800F088FC204670BDFA
:108A00009400002010B5044600F0A4FCA06B28B12F
:108A10005FF0000400F0BEFC204610BD0124F9E721
:108A200030B589B03C4D6EE00498002806DADDE9E7
:108A30000601059A90470498002864DB069C60694B
:108A400010B1201D00F02AFC03A800F0D7F8024660
:108A500004980A2857D2DFE800F00505052D334AAF
:108A600005052D3394F8280040F0010084F8280013
:108A70000599A069059B01442046FFF7A7FF68B34D
:108A8000216A2046884794F8280040073BD50020FB
:108A900000900598A169002342181946204601F06C
:108AA00063FDD8B9502080F31188BFF34F8FBFF317
:108AB0006F8FFEE714F8280F20F00100207022E0ED
:108AC00094F8280040F0010084F828000598A0617F
:108AD00028B1811813462046FFF778FF13E0502095
:108AE00080F31188BFF34F8FBFF36F8FFEE794F8C9
:108AF0002800810703D4204600F060FC03E020F04A
:108B0000010084F82800002204A9286801F01CF95B
:108B1000002889D109B030BD940000202DE9FC4126
:108B20000F46054600F00EFE01A800F067F8044667
:108B3000019818B101F06CFCBDE8FC81254EAFB185
:108B400030690068D0B30027291B3A46306800F02E
:108B5000E3FC01F05DFC0028EED11F494FF080508E
:108B60000860BFF34F8FBFF36F8FE5E7A542EBD8E7
:108B700001F04EFCF0682746C068C468201D00F074
:108B80008DFB94F82800410719D5A0692B4641199F
:108B90003A462046FFF71AFFA8B1002003460146D7
:108BA00000902A46204601F0DFFC60B9502080F397
:108BB0001188BFF34F8FBFF36F8FFEE707E020F000
:108BC000010084F82800216A20468847B4E701277D
:108BD000BAE700009400002004ED00E00648416B75
:108BE000096829B1416BC968C968496881627047E1
:108BF0004FF0FF31FAE700005800002070B505463D
:108C000001F0E8FA064E0446B068844203D200F050
:108C100009F8012000E0002028602046B46070BD03
:108C200094000020F8B5194D20E0C068C4680668BB
:108C3000201D00F033FB216A2046884794F8280065
:108C4000400713D5A0693044B04206D92461606062
:108C5000211DE86800F05AFB08E0002003460146A9
:108C600000903246204601F07FFC38B1E868016888
:108C70000029DAD12969C5E90310F8BD502080F335
:108C80001188BFF34F8FBFF36F8FFEE79400002072
:108C900008484068401C4FF0500080F3118804D011
:108CA000BFF34F8FBFF36F8FFEE7BFF34F8FBFF35D
:108CB0006F8FFEE7CC000020074CE068016841B1EF
:108CC000C0680021D0F80000FFF728FFFFF7A8FEDA
:108CD000F3E701210020F7E7940000202DE9F0419F
:108CE000044600F037FB94F9455004F1240609E0EE
:108CF000606A48B1304601F053FB08B100F05CFCFB
:108D00006D1E6DB2002DF3DC4FF0FF3684F8456028
:108D100000F040FB00F01EFB94F9445004F11007F2
:108D200009E0206948B1384601F03AFB08B100F08B
:108D300043FC6D1E6DB2002DF3DC84F84460BDE889
:108D4000F04100F027BB2DE9F04717460D460446D9
:108D5000022903D3D4F81802A84202D80220BDE8A1
:108D6000F08794F8001207F0FF084FF0010901297D
:108D700020D0022950D00329F0D1D4F8240200EBEE
:108D8000D5112046FFF798FA0028E8D140F2FF11EC
:108D900001EA85010A194FF07043D2F8011003EA85
:108DA0000121394311700B0A53700B0C9370090E9B
:108DB000D17041E0D4F8240205EB550600EB5621B2
:108DC0002046FFF779FA0028C9D1C6F30800761CBF
:108DD0002044E90703D0017868F31F1100E0394609
:108DE000017084F80492D4F8240200EB5621204646
:108DF000FFF762FA0028B2D1C6F308012144EA075E
:108E000002D0C7F3071205E00A78C7F3032302F084
:108E1000F0021A430A700FE0D4F8240200EB152187
:108E20002046FFF749FA002899D1E9B204EB410145
:108E30003A0A81F800804A7084F804928FE70000B3
:108E40002DE9F0410546002700F07CFC324E3068E9
:108E500008B9FFF7A3FC706905424ED1C5B30835C8
:108E600068070ED005F00700C0F108000544680748
:108E700007D0502080F31188BFF34F8FBFF36F8F5F
:108E8000FEE72DB37068854237D823481830014675
:108E90000C6801E020460C466168A94202D22168B4
:108EA0000029F7D131688C4227D00768216801601A
:108EB00060680837411B10290FD96019420708D094
:108EC000502080F31188BFF34F8FBFF36F8FFEE701
:108ED00013E041606560FFF753FD61687068401AF8
:108EE0007060B268904200D2B060706901430020A7
:108EF000C4E90001F068401CF06001F089FA7807CD
:108F000007D0502080F31188BFF34F8FBFF36F8FCE
:108F1000FEE73846BDE8F081AC000020044908684F
:108F200018B10868026D521C02650868704700009D
:108F30005800002010B5031F4FF080741C601B1FE9
:108F400021F001011960191F024B0B6014394038E0
:108F50000A6010BD918C0008F0B5ADF2C44D0E460C
:108F60000746FCF705FE0024394B0546012800940E
:108F70001CD038A21E210020FCF732FBFCF732FC8B
:108F8000012238A18CA8FEF7F1FB05460D280FD071
:108F9000CDB12F4B34A200941E210020FCF720FB02
:108FA000FCF720FC28460DF2C44DF0BD32A2F3E7D9
:108FB000274B35A21E2100200094FCF711FBFCF783
:108FC00011FC0D20EFE70122394601A8FEF710FC45
:108FD0000028E8D12FE000BF0DF284430DF2644277
:108FE0002DA10DF2A440F7F763F9022823D12EA199
:108FF0000DF26440F7F744F960B12EA10DF2644020
:10900000F7F73EF960B12DA10DF26440F7F738F99A
:1090100088B90BE00DF28440F7F7D6F970600AE0EA
:109020000DF28440F7F7D0F9307004E00DF284407F
:10903000F7F7CAF9307201AA20210DF2A440FEF719
:1090400070FB0028C8D101A8FEF750FB0020AAE75A
:109050007CAF0008736420696E6974207375636364
:1090600065656400303A00006D6F756E742066614E
:10907000696C656421000000736420696E69742066
:109080006661696C656400004E6F2046696C6573AB
:10909000797374656D2100002533315B5E3D5D3D64
:1090A00025333173000000004261756452617465BC
:1090B00000000000616464726573730053746F7024
:1090C00042697473000000002DE9F0410F46064626
:1090D000022917D3D6F81802B84213D9002523E085
:1090E00039463046FEF75AFF040021D0012C09D042
:1090F000601C09D0002239463046FFF724FE0500E7
:1091000016D103E0022513E0012511E0D6F8140280
:10911000411C08D0401CC6F8140296F8050240F025
:10912000010086F805022746D6F81802B842D7D8BB
:109130002846BDE8F081000001B582B064200090AF
:10914000012301AA02A90348F9F772FE9DF8040061
:109150000EBD00003403002081760A0AC2760A0C94
:109160000275090E4175704770B5044600F057F856
:10917000050052D194F80002032846D194F8050264
:10918000012842D1420200212046FFF78EF85520E7
:1091900084F8FE01AA2084F8FF015220207060703C
:1091A0006120A0704121E170722284F8E42184F8EA
:1091B000E52184F8E61184F8E701D4F8140284F874
:1091C000E801010A84F8E911010C84F8EA11000EA3
:1091D00084F8EB01D4F8100284F8EC01010A84F859
:1091E000ED11010C84F8EE11000E84F8EF01D4F8B3
:1091F00020220123521CC4F8302294F80102214697
:10920000FEF766FA002084F80502002294F80102B5
:109210001146FEF735FA00B10125284670BD2DE94B
:10922000F041044690F80402002728B3D4F83052E5
:1092300094F8010201232A462146FEF749FA08B1B3
:10924000012719E0002084F80402D4F82402D4F89D
:109250001C12281A88420FD294F803620AE0D4F84C
:109260001C020123054494F801022A462146FEF718
:109270002FFA761E022EF2D23846BDE8F081002881
:109280000BD00C2909D00B2907D0092905D00F29AB
:1092900003D0D0F80C02FEF7E2BC7047D0E90132EF
:1092A00001699A60D0E901235A604A68824201D17B
:1092B00082684A60002202610868401E08600868EF
:1092C00070470000034B036003F15C0008608020DE
:1092D00010607047E80B0020044B036003F15C0052
:1092E00008604FF48060106070470000440E00205A
:1092F00000F108014FF0FF32C0E90112C1600161C5
:1093000000210160704700210161704730B50B6892
:109310005A1C02D000F1080202E0026904E0224671
:10932000546825689D42FAD953684B6099608A60F9
:10933000516008610168491C016030BD42684A60A3
:1093400093688B6093685960916008610168491C5B
:1093500001607047502080F31188BFF34F8FBFF337
:109360006F8F0A494868401C486001280CD10848A2
:10937000006810F0FF0F07D0502080F31188BFF372
:109380004F8FBFF36F8FFEE770470000CC000020C7
:1093900004ED00E00849486828B1401E486001D14A
:1093A00080F311887047502080F31188BFF34F8FEE
:1093B000BFF36F8FFEE70000CC00002070B50028DF
:1093C0002AD0164DA0F1080460686969084207D1E7
:1093D000502080F31188BFF34F8FBFF36F8FFEE7EC
:1093E00022683AB1502080F31188BFF34F8FBFF34A
:1093F0006F8FFEE78843606000F0A4F960686968D9
:10940000084468602046FFF7BBFA2869401C2861C1
:10941000BDE8704000F0FCBF70BD0000AC00002053
:109420004FF0E02000210161816105494FF47A721B
:109430000968B1FBF2F1491E4161072101617047E2
:109440004C00002010B5F6F7C5FE114910280ED3C8
:1094500000F1E02090F8F0030A78904207D2502003
:1094600080F31188BFF34F8FBFF36F8FFEE709487A
:109470000068896800F4E060884207D9502080F3D2
:109480001188BFF34F8FBFF36F8FFEE710BD000051
:10949000CC0000200CED00E010B5084B002200BF0E
:1094A00053F832401CB1521C082AF9D310BD43F8BE
:1094B000321003EBC201486010BD0000CC05002053
:1094C00010B504000AD000F013F894F84600002804
:1094D0000CD12046BDE81040FFF770BF502080F34C
:1094E0001188BFF34F8FBFF36F8FFEE710BD0000F1
:1094F000084A002102EBC1035B68834206D10020C9
:1095000042F8310002EBC10148607047491C08294C
:10951000F0D37047CC05002070B515460E460446C2
:10952000FFF718FF94F944100020491C01D184F87A
:10953000440094F94510491C01D184F84500FFF717
:1095400029FFA06B28B92A46314604F1240000F017
:1095500051F82046BDE87040FFF7C0BB10B50200CF
:1095600014D00F48006B38B1502080F31188BFF33E
:109570004F8FBFF36F8FFEE700F0E4F80021104635
:10958000FEF7E6FF00F044FF002807D105494FF041
:1095900080500860BFF34F8FBFF36F8F10BD000086
:1095A0005800002004ED00E002490A6A0260C96820
:1095B000416070475800002001490120C861704790
:1095C0005800002010B50C4650B1094909681831FF
:1095D000FFF79CFE2046BDE810400121FEF7B8BF12
:1095E000502080F31188BFF34F8FBFF36F8FFEE7DA
:1095F0005800002070B514460D4668B10A49096844
:109600001831FFF79BFE0CB14FF0FF35214628467D
:10961000BDE87040FEF79CBF502080F31188BFF377
:109620004F8FBFF36F8FFEE75800002070B5040026
:109630003ED0226DA2B1E06C884200D30146E06AC0
:10964000884235D0012A33D11A4D2A6894420FD16D
:10965000502080F31188BFF34F8FBFF36F8FFEE769
:10966000502080F31188BFF34F8FBFF36F8FFEE759
:10967000E162A269002A02DBC1F13801A1610E4E4C
:1096800000EB8000616906EB8000814210D1201D53
:10969000FFF704FEE06A2969884200D9286100EBDF
:1096A000800006EB8000211DBDE87040FFF746BE3C
:1096B00070BD0000580000200C06002030B587B0B7
:1096C0000024039405AA04A903A80494FFF7FAFD53
:1096D000DDE903010094CDE90110002315A117482D
:1096E000059A00F03EFD164D0028E8621FD000F0FC
:1096F0000BFF012809D0401C19D1502080F311889C
:10970000BFF34F8FBFF36F8FFEE7502080F31188B8
:10971000BFF34F8FBFF36F8F4FF0FF30A862012070
:109720006861EC6007B0BDE8304000F065B807B094
:1097300030BD000049444C4500000000E5870008AA
:10974000580000200248016B491C0163704700006B
:1097500058000020164810B5016B11B10121C161FC
:1097600010BD0021C1610169124A01E0B9B1491E71
:1097700001EB810352F82330002BF7D001EB81037A
:1097800002EB830202F1080453685B685360A34252
:1097900001D15B685360DA680260016110BD50203E
:1097A00080F31188BFF34F8FBFF36F8FFEE7000088
:1097B000580000200C06002010B5040011D0D4F889
:1097C000000270B190F8001259B1B0F80612B4F866
:1097D0000422914205D190F80102FDF76DFFC00708
:1097E00001D0092010BDD4F80002FEF721FD08B118
:1097F000002010BD0F2010BD1CB52649087801902F
:10980000FF20087008788DF800009DF800009DF892
:10981000002000F0F000904207D0502080F3118823
:10982000BFF34F8FBFF36F8FFEE79DF800001A4C18
:1098300000F0500020700720A06005E09DF8002097
:1098400052008DF80020401E9DF800201206F5D42D
:10985000A060032807D0502080F31188BFF34F8FFA
:10986000BFF36F8FFEE74FF44070A060019808705F
:109870000A48016841F470010160016841F07041DB
:109880000160FFF7CDFD00206060F6F76DFC002061
:109890001CBD000000E400E0CC00002020ED00E052
:1098A00010B5502080F31188BFF34F8FBFF36F8F37
:1098B00000F096FC18B104494FF080500860002079
:1098C00080F3118810BD000004ED00E010B50C46D7
:1098D00048B184420FD9502080F31188BFF34F8FD5
:1098E000BFF36F8FFEE7502080F31188BFF34F8FD7
:1098F000BFF36F8FFEE70222002100F02FF800284F
:1099000000D0846310BD38B50C4648B184420FD9ED
:10991000502080F31188BFF34F8FBFF36F8FFEE7A6
:10992000502080F31188BFF34F8FBFF36F8FFEE796
:109930000221134600220091114600F030F8002861
:1099400000D0846338BD10B502460021012000F02C
:1099500005F80446FEF776FF204610BDF8B5174619
:109960000E46050013D005FB06F05030FFF768FAED
:1099700004000AD0002084F8460004F150023B465F
:10998000314628460094FEF769FF2046F8BD502076
:1099900080F31188BFF34F8FBFF36F8FFEE738B5A9
:1099A000049D18B153B1CAB181B120E0502080F3B9
:1099B0001188BFF34F8FBFF36F8FFEE7502080F306
:1099C0001188BFF34F8FBFF36F8FFEE7502080F3F6
:1099D0001188BFF34F8FBFF36F8FFEE739B150206F
:1099E00080F31188BFF34F8FBFF36F8FFEE75024D2
:1099F0001C46012384F846302B460094FEF72EFFC8
:109A0000204638BD70B50D46040025D0FFF7A2FCF6
:109A1000D4E90F20216802FB0011A1600021A1639D
:109A2000216861600A46D4E90F01401E00FB012154
:109A3000E16021464FF0FF3001F8440F487004F117
:109A400010008DB1FFF754FC04F12400FFF750FC27
:109A5000FFF7A0FC012070BD502080F31188BFF3F8
:109A60004F8FBFF36F8FFEE721690029F0D000F020
:109A700097FC0028ECD004494FF080500860BFF3F9
:109A80004F8FBFF36F8FE3E704ED00E02DE9FF4751
:109A900082B01D468A464FF00008040003D0BAF198
:109AA000000F08D011E0502080F31188BFF34F8FD2
:109AB000BFF36F8FFEE7206C38B1502080F3118820
:109AC000BFF34F8FBFF36F8FFEE7022D0AD1E06B1C
:109AD000012807D0502080F31188BFF34F8FBFF3C8
:109AE0006F8FFEE700F068FB3F4F4FF000094FF02B
:109AF000805648B9049838B1502080F31188BFF3DC
:109B00004F8FBFF36F8FFEE7FFF724FCA06BE16B75
:109B1000884207D3022D05D00498D0B1B8F1000FC8
:109B20001AD01EE02A4651462046FEF7E6FD616A3D
:109B300019B104F1240000F033FC20B13E60BFF302
:109B40004F8FBFF36F8FFFF725FC012006B0BDE8F4
:109B5000F087FFF71FFC22E06846FFF725FD4FF076
:109B60000108FFF717FCFFF7EDFDFFF7F3FB94F992
:109B70004400401C01D184F8449094F94500401CF5
:109B800001D184F84590FFF705FC04A9684600F070
:109B900081FA30B12046FFF7A1F800F039FC00202F
:109BA000D4E7FFF7D7FBA06BE16B884213D1FFF737
:109BB000F1FB04F110000499FFF704FD2046FFF7C4
:109BC0008DF800F025FC00289ED13E60BFF34F8F3A
:109BD000BFF36F8F98E7FFF7DDFB2046FFF77EF8B6
:109BE00000F016FC90E7000004ED00E02DE9F047DE
:109BF0001F4690468946040003D0B9F1000F08D0F3
:109C000011E0502080F31188BFF34F8FBFF36F8FA7
:109C1000FEE7206C38B1502080F31188BFF34F8FDE
:109C2000BFF36F8FFEE7022F0AD1E06B012807D048
:109C3000502080F31188BFF34F8FBFF36F8FFEE783
:109C4000FFF700FC5020EFF3118680F31188BFF37B
:109C50004F8FBFF36F8FA06BE16B884206D3022F4B
:109C600004D0002086F31188BDE8F08794F94550B0
:109C7000A06B3A4649462046FEF73FFD681C04D0DB
:109C80006D1C84F845500120ECE7606A0028FAD08A
:109C900004F1240000F084FB0028F4D0B8F1000F98
:109CA000F1D00121C8F80010EDE770B50E460400B0
:109CB00009D0206C78B1502080F31188BFF34F8F0A
:109CC000BFF36F8FFEE7502080F31188BFF34F8FF3
:109CD000BFF36F8FFEE7206848B9A06838B1502005
:109CE00080F31188BFF34F8FBFF36F8FFEE7FFF74D
:109CF000A9FB5020EFF3118580F31188BFF34F8F3C
:109D0000BFF36F8FA16BE06B884218D994F94500BF
:109D1000491CA163411C04D0401C84F8450001206B
:109D20000EE0606A0028FAD004F1240000F038FB4D
:109D30000028F4D0002EF2D001203060EFE70020A0
:109D400085F3118870BD00002DE9F747002683B028
:109D50008A46040003D0BAF1000F08D011E0502069
:109D600080F31188BFF34F8FBFF36F8FFEE7206C36
:109D700038B1502080F31188BFF34F8FBFF36F8F3E
:109D8000FEE700F019FADFF8F4804FF000094FF019
:109D9000805748B9059838B1502080F31188BFF337
:109DA0004F8FBFF36F8FFEE7FFF7D4FAA56BC5B1F6
:109DB00051462046FEF78EFC6D1EA563206950B10A
:109DC00004F1100000F0ECFA28B1C8F80070BFF3FD
:109DD0004F8FBFF36F8FFFF7DDFA012006B0BDE8AC
:109DE000F087059808B11EB106E0FFF7D3FA27E027
:109DF0006846FFF7D9FB0126FFF7CCFAFFF7A2FC74
:109E0000FFF7A8FA94F94400401C01D184F844906B
:109E100094F94500401C01D184F84590FFF7BAFA47
:109E200005A9684600F036F9002820460AD0FEF75A
:109E300055FF00F0EDFA2046FEF7E4FD0028B3D010
:109E40000020CBE7FEF7DEFD90B104F12400059978
:109E5000FFF7B8FB2046FEF741FF00F0D9FA0028D3
:109E6000A2D1C8F80070BFF34F8FBFF36F8F9BE78D
:109E70002046FEF733FF00F0CBFA95E704ED00E053
:109E80002DE9F04790468946040003D0B9F1000F50
:109E900008D011E0502080F31188BFF34F8FBFF33B
:109EA0006F8FFEE7206C38B1502080F31188BFF32C
:109EB0004F8FBFF36F8FFEE7FFF7C4FA5020EFF329
:109EC000118680F31188BFF34F8FBFF36F8FA76B9D
:109ED000F7B194F9445049462046FEF7FBFB7F1E3C
:109EE000A763681C04D06D1C84F84450012010E066
:109EF00020690028FAD004F1100000F051FA00287F
:109F0000F4D0B8F1000FF1D00121C8F80010EDE74E
:109F1000002086F31188BDE8F08700002DE9F343A7
:109F2000002683B00400354609D0206C78B150205B
:109F300080F31188BFF34F8FBFF36F8FFEE7502080
:109F400080F31188BFF34F8FBFF36F8FFEE700F0F0
:109F500033F9DFF83C814FF000094FF0805748B9E2
:109F6000049838B1502080F31188BFF34F8FBFF3AE
:109F70006F8FFEE7FFF7EEF9A06BC8B1401EA0633C
:109F8000206810B9FEF7CAFFA060206950B104F143
:109F9000100000F005FA28B1C8F80070BFF34F8F29
:109FA000BFF36F8FFFF7F6F9012005B0BDE8F0832E
:109FB000049808B166B10FE03DB1502080F31188DC
:109FC000BFF34F8FBFF36F8FFEE7FFF7E3F95DE05D
:109FD0006846FFF7E9FA0126FFF7DCF9FFF7B2FB65
:109FE000FFF7B8F994F94400401C01D184F844907B
:109FF00094F94500401C01D184F84590FFF7CAF957
:10A0000004A9684600F046F80028204612D0FEF762
:10A0100065FE00F0FDF92046FEF7F4FC0028A9D00B
:10A020009DB3FFF797F9606A50B3206B0068C0F1E9
:10A03000380126E0FEF7E6FCE0B1206838B9FFF70A
:10A0400089F9A06800F070F90546FFF7A3F904F15B
:10A0500024000499FFF7B6FA2046FEF73FFE00F011
:10A06000D7F9002886D1C8F80070BFF34F8FBFF32F
:10A070006F8F7FE72046FEF731FE00F0C9F979E7E0
:10A080000021A068FFF7D2FA9FE7FFE700208CE7E6
:10A0900004ED00E02DE9F0410C46050011D0C4B1FB
:10A0A000FFF758F9174BDA686E682068911B471C58
:10A0B00017D02F681B6A9F4219D0964217D80124E7
:10A0C00010E0502080F31188BFF34F8FBFF36F8FE4
:10A0D000FEE7502080F31188BFF34F8FBFF36F8FDF
:10A0E000FEE70024FFF756F92046BDE8F0818842DC
:10A0F00005D9401A20602846FFF756FAF1E70020FC
:10A100002060DCE7580000202DE9FF5F8346DDE991
:10A110000E87994616468A469000FEF791FE050086
:10A120001CD05C20FEF78CFE040014D000202563B8
:10A1300084F85900CDE90240CDE900874B4632460C
:10A1400051465846FEF79CFB2046FEF72FFA0120A9
:10A1500004B0BDE8F09F2846FFF730F94FF0FF301C
:10A16000F6E7F0B585B0DDE90B640A9DA6B1DCB178
:10A170005C2700972663022684F85960002604AF06
:10A18000CDE90246CDE90057FEF77AFB2046FEF7FF
:10A190000DFA049805B0F0BD502080F31188BFF38C
:10A1A0004F8FBFF36F8FFEE7502080F31188BFF30E
:10A1B0004F8FBFF36F8FFEE70548416919B1006B00
:10A1C00018B100207047012070470220704700003E
:10A1D000580000200148C068704700005800002067
:10A1E0002DE9F0412E4C0027206B28B1A069401CBE
:10A1F000A0613846BDE8F081E668761CE66013D1C0
:10A20000606B006838B1502080F31188BFF34F8F26
:10A21000BFF36F8FFEE7606BA16B6163A063206A81
:10A22000401C2062FEF7DAFCA06ADFF878808642E4
:10A2300009D3606B0068A0B1606BC068C5686868CE
:10A24000864211D2A0622068C06A00EB800158F8F3
:10A250002100012800D90127E0690028C9D0012781
:10A26000C7E74FF0FF30EDE7281DFFF717F8A86AA2
:10A2700018B105F11800FFF711F8E86A2169884262
:10A2800000D9206100EB800108EB8100291DFFF758
:10A2900055F8E86A2168C96A8842CAD30127C8E725
:10A2A000580000200C06002070B504004FF000019B
:10A2B00033D01B4D2868844207D0502080F311888A
:10A2C000BFF34F8FBFF36F8FFEE7206D38B1401E95
:10A2D0002065E36CE26A9A421FD040B11DE0502035
:10A2E00080F31188BFF34F8FBFF36F8FFEE7201D00
:10A2F000FEF7D4FFE06CE062C0F13800A061E06AD4
:10A300002969884200D92861064900EB800001EBE9
:10A310008000211DFFF712F80121084670BD0000E2
:10A32000580000200C06002070B504004FF000001B
:10A330002BD0194DE16A2A68D26A914226D2A069CF
:10A34000002804DB2868C06AC0F13800A061134E01
:10A3500001EB8101606906EB8101884211D1201D6A
:10A36000FEF79CFF2868C06AE0622969884200D92C
:10A37000286100EB800006EB8000211DFEF7DEFF68
:10A3800002E02868C06AE062012070BDE16C2A68C2
:10A39000D26A9142F8D370BD580000200C0600200C
:10A3A00070B5C068C46854B104F118000646FEF7E1
:10A3B00075FF144D286B50B13146134815E05020FD
:10A3C00080F31188BFF34F8FBFF36F8FFEE7201D1F
:10A3D000FEF764FFE06A2969884200D928610B49C9
:10A3E00000EB800001EB8000211DFEF7A7FFE06A73
:10A3F0002968C96A884202D90120E86170BD00203D
:10A4000070BD000058000020940A00200C060020B7
:10A410002DE9F0472C4D00242746286B38B1FEF774
:10A4200099FF286B401E2863286B40B146E05020FE
:10A4300080F31188BFF34F8FBFF36F8FFEE7A968DA
:10A44000224E0120D1B3A6F5916980463068E0B173
:10A45000F068C46804F11800FEF720FF201DFEF725
:10A460001DFFE06A2969884200D9286100EB80015C
:10A4700009EB8100211DFEF761FFE06A2968C96AC6
:10A480008842E3D3C5F81C80E0E70CB1FEF7A6FBD9
:10A49000AC694CB14FEA0806FFF7A2FE00B1EE61CD
:10A4A000641EF9D10020A861E86938B10849012784
:10A4B00038070860BFF34F8FBFF36F8FFEF76AFF57
:10A4C0003846BDE8F087000058000020940A0020BC
:10A4D00004ED00E02DE9FC4781461E4617468846FC
:10A4E0002C200A9DFEF7ACFC04000AD0002084F862
:10A4F0002800CDE9005433463A4641464846FEF727
:10A5000017FA2046BDE8FC8710B586B0FEF7B6F80E
:10A51000114C2068B8B100200390049005AA04A94A
:10A5200003A8FEF7D9FEDDE9032123208DE807000B
:10A5300000230AA10B48059AFFF713FE606010B1D3
:10A5400006B0012010BD502080F31188BFF34F8F5B
:10A55000BFF36F8FFEE7000094000020546D72205F
:10A5600053766300B98C00082DE9FF411E4613465F
:10A5700002000A9D4FF0000016D0144C2768002FEF
:10A580000FD0CDE900130292062917DAFFF714FE67
:10A5900002284FF000030FD0002269462068FFF721
:10A5A00075FA04B0BDE8F081502080F31188BFF344
:10A5B0004F8FBFF36F8FFEE72A46EEE70023324648
:10A5C00069463846FFF712FBEBE7000094000020D5
:10A5D0008CB2000800000000000000000000000035
:10A5E0000000000000020000180000000000000051
:10A5F0000000000098B20008000000000000000009
:10A60000000000000000000000040000180000002E
:10A61000000000000000000070B200080000000010
:10A620000000000000000000000000000008000022
:10A6300020000000000000000000000080B20008C0
:10A64000000000000000000000000000000000000A
:10A6500000040000180000000000000000000000DE
:10A66000A4B200080000000000000000000000008C
:10A6700000000000000200001800000000000000C0
:10A6800000000000010202030405060708090A0B86
:10A690000C0D0E0F10100000000000000000010261
:10A6A0000304060708090000000001020304809A61
:10A6B00090B68EB78F80D2D3D4D8D7DE8E8F9092BB
:10A6C00092E299E3EAEB59999A9D9C9D9E9FB5D69B
:10A6D000E0E9A5A5A6A7A8A9AAABAC21AEAFB0B1E9
:10A6E000B2B3B4B5B6B7B8B9BABBBCBDBEBFC0C1D2
:10A6F000C2C3C4C5C7C7C8C9CACBCCCDCECFD0D1C1
:10A70000D2D3D4D5D6D7D8D9DADBDCDDDEDFE0E1B1
:10A71000E2E3E5E5E6E7E7E9EAEBEDEDEEEFF0F1A0
:10A72000F2F3F4F5F6F7F8F9FAFBFCFDFEFF00048E
:10A73000000200018000400020001000080004001A
:10A7400002000000008000400020001000080040CF
:10A7500000200010000800040002000000000000BB
:10A760000000002F000000000700070000147F1405
:10A770007F1400242A7F2A12006264081323003603
:10A780004955225000000503000000001C22410032
:10A79000000041221C000014083E08140008083E76
:10A7A0000808000000A06000000808080808000071
:10A7B00060600000002010080402003E5149453E40
:10A7C0000000427F4000004261514946002141455E
:10A7D0004B31001814127F10002745454539003CC5
:10A7E0004A49493000017109050300364949493693
:10A7F00000064949291E0000363600000000563682
:10A800000000000814224100001414141414000065
:10A810004122140800020151090600324959513EF3
:10A82000007C1211127C007F49494936003E4141AB
:10A830004122007F4141221C007F49494941007F5C
:10A8400009090901003E4149497A007F0808087F4B
:10A850000000417F4100002040413F01007F08147B
:10A860002241007F40404040007F020C027F007F79
:10A870000408107F003E4141413E007F090909065E
:10A88000003E4151215E007F091929460046494991
:10A8900049310001017F0101003F4040403F001F5E
:10A8A0002040201F003F4038403F006314081463DD
:10A8B00000070870080700615149454300007F41C7
:10A8C000410000552A552A55000041417F000004EF
:10A8D0000201020400404040404000000102040028
:10A8E000002054545478007F48444438003844448D
:10A8F000442000384444487F003854545418000819
:10A900007E0901020018A4A4A47C007F0804047836
:10A910000000447D4000004080847D00007F1028BE
:10A9200044000000417F4000007C04180478007C53
:10A930000804047800384444443800FC24242418D3
:10A940000018242418FC007C08040408004854540F
:10A95000542000043F444020003C4040207C001C28
:10A960002040201C003C4030403C0044281028443B
:10A97000001CA0A0A07C004464544C441414141483
:10A9800014140000080600005AA700080000000088
:10A99000000000000000000000000000000000F8BF
:10A9A00000000000000000333000000000100C0622
:10A9B000100C0600000000000000000040C07840BD
:10A9C000C0784000043F04043F040400007088FC89
:10A9D00008300000001820FF211E0000F008F000E1
:10A9E000E018000000211C031E211E0000F0088852
:10A9F000700000001E2123241927211010160E00BC
:10AA0000000000000000000000000000000000E066
:10AA1000180402000000000718204000000204187B
:10AA2000E00000000040201807000000404080F0D7
:10AA3000804040000202010F01020200000000F00D
:10AA4000000000000101011F0101010000000000E1
:10AA50000000000080B07000000000000000000056
:10AA600000000000000101010101010100000000DF
:10AA70000000000000303000000000000000000076
:10AA800080601804006018060100000000E0100853
:10AA90000810E000000F102020100F00001010F828
:10AAA000000000000020203F202000000070080867
:10AAB00008887000003028242221300000300888E7
:10AAC000884830000018202020110E000000C0200F
:10AAD00010F8000000070424243F240000F8088830
:10AAE000880808000019212020110E0000E01088BD
:10AAF00088180000000F112020110E0000380808EF
:10AB0000C83808000000003F0000000000708808FE
:10AB100008887000001C222121221C0000E010087F
:10AB20000810E0000000312222110F00000000C0D8
:10AB3000C000000000000030300000000000008075
:10AB40000000000000008060000000000000804065
:10AB5000201008000001020408102000404040407E
:10AB600040404000040404040404040000081020D1
:10AB70004080000000201008040201000070480816
:10AB80000808F0000000003036010000C030C8287E
:10AB9000E810E0000718272423140B000000C03839
:10ABA000E0000000203C23020227382008F88888B3
:10ABB00088700000203F202020110E00C0300808BF
:10ABC00008083800071820202010080008F8080896
:10ABD0000810E000203F202020100F0008F888888F
:10ABE000E8081000203F20202320180008F888885B
:10ABF000E8081000203F200003000000C0300808D3
:10AC00000838000007182020221E020008F808005B
:10AC10000008F808203F210101213F20000808F822
:10AC2000080800000020203F202000000000080845
:10AC3000F8080800C08080807F00000008F888C005
:10AC400028180800203F20012638200008F80800B6
:10AC500000000000203F20202020300008F8F800ED
:10AC6000F8F80800203F003F003F200008F830C0FF
:10AC70000008F808203F200007183F00E0100808EF
:10AC80000810E0000F10202020100F0008F808081E
:10AC90000808F000203F210101010000E010080831
:10ACA0000810E0000F18242438504F0008F8888856
:10ACB00088887000203F2000030C30200070880836
:10ACC000080838000038202121221C00180808F844
:10ACD000080818000000203F2000000008F80800C5
:10ACE0000008F808001F202020201F000878880096
:10ACF00000C83808000007380E010000F80800F806
:10AD00000008F800033C0700073C030008186880AF
:10AD10008068180820302C03032C30200838C80025
:10AD2000C83808000000203F200000001008080874
:10AD3000C83808002038262120201800000000FE16
:10AD4000020202000000007F40404000000C30C0C2
:10AD500000000000000000010638C00000020202EE
:10AD6000FE000000004040407F00000000000402A0
:10AD700002020400000000000000000000000000CB
:10AD800000000000808080808080808000020204BB
:10AD900000000000000000000000000000008080B3
:10ADA000808000000019242222223F2008F8008021
:10ADB00080000000003F112020110E0000000080E4
:10ADC00080800000000E1120202011000000008073
:10ADD0008088F800000E112020103F2000008080A5
:10ADE00080800000001F222222221300008080F0B9
:10ADF000888888180020203F2020000000008080E4
:10AE000080808000006B94949493600008F8008028
:10AE100080800000203F210000203F200080989883
:10AE2000000000000020203F2020000000000080E3
:10AE30009898000000C08080807F000008F8000023
:10AE400080808000203F24022D302000000808F878
:10AE5000000000000020203F202000008080808033
:10AE600080808000203F20003F20003F80800080C5
:10AE700080800000203F210000203F2000008080D3
:10AE800080800000001F202020201F008080008084
:10AE90008000000080FFA12020110E000000008033
:10AEA00080808000000E112020A0FF808080800024
:10AEB0008080800020203F21200001000000808051
:10AEC000808080000033242424241900008080E046
:10AED000808000000000001F202000008080000013
:10AEE00000808000001F202020103F2080808000F4
:10AEF0000080808000010E30080601008080008004
:10AF0000008080800F300C030C300F000080800028
:10AF1000808080000020312E0E3120008080800053
:10AF20000080808080818E70180601000080808003
:10AF3000808080000021302C2221300000000000A1
:10AF4000807C020200000000003F40400000000042
:10AF5000FF00000000000000FF0000000002027C73
:10AF6000800000000040403F00000000000601019A
:10AF700002020404000000000000000010080000AD
:10AF80008CA90008000C014000020000000C0140E8
:10AF900000010000000C014010000000000C014006
:10AFA0000800000000C1814001C0804101C0804113
:10AFB00000C1814001C0804100C1814000C1814089
:10AFC00001C0804101C0804100C1814000C1814079
:10AFD00001C0804100C1814001C0804101C0804169
:10AFE00000C1814001C0804100C1814000C1814059
:10AFF00001C0804100C1814001C0804101C0804149
:10B0000000C1814000C1814001C0804101C0804138
:10B0100000C1814001C0804100C1814000C1814028
:10B0200001C0804101C0804100C1814000C1814018
:10B0300001C0804100C1814001C0804101C0804108
:10B0400000C1814000C1814001C0804101C08041F8
:10B0500000C1814001C0804100C1814000C18140E8
:10B0600001C0804100C1814001C0804101C08041D8
:10B0700000C1814001C0804100C1814000C18140C8
:10B0800001C0804101C0804100C1814000C18140B8
:10B0900001C0804100C1814001C0804101C08041A8
:10B0A00000C1814000C0C101C30302C2C60607C778
:10B0B00005C5C404CC0C0DCD0FCFCE0E0ACACB0BE8
:10B0C000C90908C8D81819D91BDBDA1A1EDEDF1F18
:10B0D000DD1D1CDC14D4D515D71716D6D21213D308
:10B0E00011D1D010F03031F133F3F23236F6F737B8
:10B0F000F53534F43CFCFD3DFF3F3EFEFA3A3BFBA8
:10B1000039F9F83828E8E929EB2B2AEAEE2E2FEF57
:10B110002DEDEC2CE42425E527E7E62622E2E323C7
:10B12000E12120E0A06061A163A3A26266A6A767F7
:10B13000A56564A46CACAD6DAF6F6EAEAA6A6BAB67
:10B1400069A9A86878B8B979BB7B7ABABE7E7FBF97
:10B150007DBDBC7CB47475B577B7B67672B2B37387
:10B16000B17170B050909151935352929656579737
:10B17000559594549C5C5D9D5F9F9E5E5A9A9B5B27
:10B1800099595898884849894B8B8A4A4E8E8F4FD7
:10B190008D4D4C8C44848545874746868242438347
:10B1A0004181804060090000803E0000C012000024
:10B1B000401F000080250000A00F0000004B000091
:10B1C000D007000000960000D606000000C2010073
:10B1D000D606000000F40100D6060000008403003B
:10B1E000D6060000080000000040404040404040BB
:10B1F000404041414141414040404040404040404A
:10B2000040404040404040404005020202020202ED
:10B21000020202020202020202202020202020203C
:10B220002020200202020202020290909090909050
:10B23000101010101010101010101010101010100E
:10B240001010101002020202020288888888888882
:10B25000080808080808080808080808080808086E
:10B26000080808080202020240000000E9B10008D4
:10B270004D6F644275735F536C617665000000002A
:10B280004E4F785F526563656976650064656661F7
:10B29000756C745461736B004E4F785F44656661E2
:10B2A000756C74004D6F644275735F486F73740002
:10B2B000D0B20008000000200C0200006E10000850
:10B2C00034B300080C020020ACB000009C670008FA
:10B2D0000124133D631B08DD041ABD041AF1041A8E
:10B2E0005D0481320182100381127A1AAA010114CD
:10B2F00029A8113AC20601274BFFFF04014423FA93
:10B30000443470413C031E100E25CDCC4C3D2748E3
:10B31000C3F5BD063AEB40C1107152551480BB44D1
:10B3200064401C452348411AC804C9F0290829046F
:04B33000032280254F
:0400000508000131BD
:00000001FF
